Angelina-Jolie,779,212,183,208,Dinner_scene_Trimmed_3_1.jpeg,1280,620
Brad-Pitt,324,249,0,1,Dinner_scene_Trimmed_3_1.jpeg,1280,620
Angelina-Jolie,816,207,184,215,Dinner_scene_Trimmed_3_10.jpeg,1280,620
Brad-Pitt,266,181,286,294,Dinner_scene_Trimmed_3_100.jpeg,1280,620
Brad-Pitt,238,171,298,311,Dinner_scene_Trimmed_3_101.jpeg,1280,620
Brad-Pitt,232,182,312,286,Dinner_scene_Trimmed_3_102.jpeg,1280,620
Brad-Pitt,240,180,309,287,Dinner_scene_Trimmed_3_103.jpeg,1280,620
Brad-Pitt,235,187,311,285,Dinner_scene_Trimmed_3_104.jpeg,1280,620
Brad-Pitt,250,208,287,265,Dinner_scene_Trimmed_3_105.jpeg,1280,620
Brad-Pitt,231,189,310,283,Dinner_scene_Trimmed_3_106.jpeg,1280,620
Brad-Pitt,237,195,316,261,Dinner_scene_Trimmed_3_107.jpeg,1280,620
Brad-Pitt,242,195,321,270,Dinner_scene_Trimmed_3_108.jpeg,1280,620
Brad-Pitt,261,188,295,274,Dinner_scene_Trimmed_3_109.jpeg,1280,620
Angelina-Jolie,803,177,220,241,Dinner_scene_Trimmed_3_11.jpeg,1280,620
Brad-Pitt,251,193,309,279,Dinner_scene_Trimmed_3_110.jpeg,1280,620
Brad-Pitt,258,177,282,309,Dinner_scene_Trimmed_3_111.jpeg,1280,620
Brad-Pitt,251,178,293,312,Dinner_scene_Trimmed_3_112.jpeg,1280,620
Brad-Pitt,231,181,326,305,Dinner_scene_Trimmed_3_113.jpeg,1280,620
Brad-Pitt,250,211,291,274,Dinner_scene_Trimmed_3_114.jpeg,1280,620
Brad-Pitt,255,211,289,267,Dinner_scene_Trimmed_3_115.jpeg,1280,620
Brad-Pitt,241,214,319,275,Dinner_scene_Trimmed_3_116.jpeg,1280,620
Brad-Pitt,250,208,301,261,Dinner_scene_Trimmed_3_117.jpeg,1280,620
Brad-Pitt,239,218,306,282,Dinner_scene_Trimmed_3_118.jpeg,1280,620
Brad-Pitt,246,200,316,292,Dinner_scene_Trimmed_3_119.jpeg,1280,620
Angelina-Jolie,800,158,226,264,Dinner_scene_Trimmed_3_12.jpeg,1280,620
Brad-Pitt,248,180,313,316,Dinner_scene_Trimmed_3_120.jpeg,1280,620
Brad-Pitt,248,195,302,310,Dinner_scene_Trimmed_3_121.jpeg,1280,620
Brad-Pitt,241,225,299,269,Dinner_scene_Trimmed_3_122.jpeg,1280,620
Brad-Pitt,242,224,304,262,Dinner_scene_Trimmed_3_123.jpeg,1280,620
Brad-Pitt,245,196,301,289,Dinner_scene_Trimmed_3_124.jpeg,1280,620
Brad-Pitt,242,199,311,295,Dinner_scene_Trimmed_3_125.jpeg,1280,620
Brad-Pitt,242,198,315,285,Dinner_scene_Trimmed_3_126.jpeg,1280,620
Brad-Pitt,236,207,321,291,Dinner_scene_Trimmed_3_127.jpeg,1280,620
Brad-Pitt,241,198,305,299,Dinner_scene_Trimmed_3_128.jpeg,1280,620
Brad-Pitt,235,203,309,292,Dinner_scene_Trimmed_3_129.jpeg,1280,620
Angelina-Jolie,806,193,226,222,Dinner_scene_Trimmed_3_13.jpeg,1280,620
Brad-Pitt,228,209,314,286,Dinner_scene_Trimmed_3_130.jpeg,1280,620
Brad-Pitt,232,210,309,279,Dinner_scene_Trimmed_3_131.jpeg,1280,620
Brad-Pitt,228,203,310,284,Dinner_scene_Trimmed_3_132.jpeg,1280,620
Brad-Pitt,231,199,314,284,Dinner_scene_Trimmed_3_133.jpeg,1280,620
Brad-Pitt,224,204,317,290,Dinner_scene_Trimmed_3_134.jpeg,1280,620
Brad-Pitt,235,205,299,290,Dinner_scene_Trimmed_3_135.jpeg,1280,620
Brad-Pitt,225,204,323,285,Dinner_scene_Trimmed_3_136.jpeg,1280,620
Brad-Pitt,229,195,308,297,Dinner_scene_Trimmed_3_137.jpeg,1280,620
Brad-Pitt,221,204,311,293,Dinner_scene_Trimmed_3_138.jpeg,1280,620
Brad-Pitt,233,204,283,279,Dinner_scene_Trimmed_3_139.jpeg,1280,620
Angelina-Jolie,819,193,206,224,Dinner_scene_Trimmed_3_14.jpeg,1280,620
Brad-Pitt,230,216,302,283,Dinner_scene_Trimmed_3_140.jpeg,1280,620
Brad-Pitt,228,204,305,289,Dinner_scene_Trimmed_3_141.jpeg,1280,620
Brad-Pitt,236,207,286,275,Dinner_scene_Trimmed_3_142.jpeg,1280,620
Brad-Pitt,235,207,286,285,Dinner_scene_Trimmed_3_143.jpeg,1280,620
Brad-Pitt,232,212,301,278,Dinner_scene_Trimmed_3_144.jpeg,1280,620
Brad-Pitt,234,213,301,284,Dinner_scene_Trimmed_3_145.jpeg,1280,620
Brad-Pitt,233,197,303,283,Dinner_scene_Trimmed_3_146.jpeg,1280,620
Brad-Pitt,236,207,284,289,Dinner_scene_Trimmed_3_147.jpeg,1280,620
Brad-Pitt,231,207,306,294,Dinner_scene_Trimmed_3_148.jpeg,1280,620
Brad-Pitt,230,199,303,295,Dinner_scene_Trimmed_3_149.jpeg,1280,620
Angelina-Jolie,795,176,235,232,Dinner_scene_Trimmed_3_15.jpeg,1280,620
Brad-Pitt,229,209,330,297,Dinner_scene_Trimmed_3_150.jpeg,1280,620
Brad-Pitt,229,208,303,287,Dinner_scene_Trimmed_3_151.jpeg,1280,620
Brad-Pitt,222,206,319,303,Dinner_scene_Trimmed_3_152.jpeg,1280,620
Brad-Pitt,233,202,308,285,Dinner_scene_Trimmed_3_153.jpeg,1280,620
Brad-Pitt,231,204,318,302,Dinner_scene_Trimmed_3_154.jpeg,1280,620
Brad-Pitt,236,202,313,294,Dinner_scene_Trimmed_3_155.jpeg,1280,620
Brad-Pitt,228,214,335,283,Dinner_scene_Trimmed_3_156.jpeg,1280,620
Brad-Pitt,233,201,314,293,Dinner_scene_Trimmed_3_157.jpeg,1280,620
Brad-Pitt,236,216,302,279,Dinner_scene_Trimmed_3_158.jpeg,1280,620
Brad-Pitt,225,212,310,289,Dinner_scene_Trimmed_3_159.jpeg,1280,620
Angelina-Jolie,799,183,242,219,Dinner_scene_Trimmed_3_16.jpeg,1280,620
Brad-Pitt,216,216,324,281,Dinner_scene_Trimmed_3_160.jpeg,1280,620
Brad-Pitt,223,208,306,284,Dinner_scene_Trimmed_3_161.jpeg,1280,620
Brad-Pitt,221,208,318,292,Dinner_scene_Trimmed_3_162.jpeg,1280,620
Brad-Pitt,222,219,320,277,Dinner_scene_Trimmed_3_163.jpeg,1280,620
Brad-Pitt,222,216,308,286,Dinner_scene_Trimmed_3_164.jpeg,1280,620
Brad-Pitt,223,206,326,301,Dinner_scene_Trimmed_3_165.jpeg,1280,620
Brad-Pitt,230,208,296,305,Dinner_scene_Trimmed_3_166.jpeg,1280,620
Brad-Pitt,215,210,312,288,Dinner_scene_Trimmed_3_167.jpeg,1280,620
Brad-Pitt,217,201,308,300,Dinner_scene_Trimmed_3_168.jpeg,1280,620
Brad-Pitt,211,209,328,304,Dinner_scene_Trimmed_3_169.jpeg,1280,620
Angelina-Jolie,814,166,215,243,Dinner_scene_Trimmed_3_17.jpeg,1280,620
Brad-Pitt,204,206,320,304,Dinner_scene_Trimmed_3_170.jpeg,1280,620
Brad-Pitt,203,209,327,293,Dinner_scene_Trimmed_3_171.jpeg,1280,620
Brad-Pitt,191,206,343,300,Dinner_scene_Trimmed_3_172.jpeg,1280,620
Brad-Pitt,195,213,339,290,Dinner_scene_Trimmed_3_173.jpeg,1280,620
Brad-Pitt,206,223,297,289,Dinner_scene_Trimmed_3_174.jpeg,1280,620
Brad-Pitt,209,222,299,282,Dinner_scene_Trimmed_3_175.jpeg,1280,620
Brad-Pitt,186,216,327,298,Dinner_scene_Trimmed_3_176.jpeg,1280,620
Brad-Pitt,198,210,336,296,Dinner_scene_Trimmed_3_177.jpeg,1280,620
Brad-Pitt,205,221,296,291,Dinner_scene_Trimmed_3_178.jpeg,1280,620
Brad-Pitt,197,209,327,293,Dinner_scene_Trimmed_3_179.jpeg,1280,620
Angelina-Jolie,801,158,223,237,Dinner_scene_Trimmed_3_18.jpeg,1280,620
Brad-Pitt,192,214,312,282,Dinner_scene_Trimmed_3_180.jpeg,1280,620
Brad-Pitt,208,211,300,291,Dinner_scene_Trimmed_3_181.jpeg,1280,620
Brad-Pitt,205,212,313,278,Dinner_scene_Trimmed_3_182.jpeg,1280,620
Brad-Pitt,212,219,315,282,Dinner_scene_Trimmed_3_183.jpeg,1280,620
Brad-Pitt,211,213,311,272,Dinner_scene_Trimmed_3_184.jpeg,1280,620
Brad-Pitt,220,206,313,288,Dinner_scene_Trimmed_3_185.jpeg,1280,620
Brad-Pitt,244,202,279,274,Dinner_scene_Trimmed_3_186.jpeg,1280,620
Brad-Pitt,229,193,315,329,Dinner_scene_Trimmed_3_187.jpeg,1280,620
Brad-Pitt,233,188,316,305,Dinner_scene_Trimmed_3_188.jpeg,1280,620
Brad-Pitt,236,197,316,287,Dinner_scene_Trimmed_3_189.jpeg,1280,620
Angelina-Jolie,803,170,225,224,Dinner_scene_Trimmed_3_19.jpeg,1280,620
Brad-Pitt,243,211,300,284,Dinner_scene_Trimmed_3_190.jpeg,1280,620
Brad-Pitt,243,188,295,299,Dinner_scene_Trimmed_3_191.jpeg,1280,620
Brad-Pitt,244,209,289,282,Dinner_scene_Trimmed_3_192.jpeg,1280,620
Brad-Pitt,235,187,317,298,Dinner_scene_Trimmed_3_193.jpeg,1280,620
Brad-Pitt,245,182,287,313,Dinner_scene_Trimmed_3_194.jpeg,1280,620
Brad-Pitt,245,184,292,315,Dinner_scene_Trimmed_3_195.jpeg,1280,620
Brad-Pitt,233,179,315,297,Dinner_scene_Trimmed_3_196.jpeg,1280,620
Brad-Pitt,239,187,308,300,Dinner_scene_Trimmed_3_197.jpeg,1280,620
Brad-Pitt,244,174,297,325,Dinner_scene_Trimmed_3_198.jpeg,1280,620
Brad-Pitt,239,177,313,318,Dinner_scene_Trimmed_3_199.jpeg,1280,620
Angelina-Jolie,780,153,222,281,Dinner_scene_Trimmed_3_2.jpeg,1280,620
Angelina-Jolie,797,129,236,273,Dinner_scene_Trimmed_3_20.jpeg,1280,620
Brad-Pitt,240,172,315,334,Dinner_scene_Trimmed_3_200.jpeg,1280,620
Brad-Pitt,242,164,306,330,Dinner_scene_Trimmed_3_201.jpeg,1280,620
Brad-Pitt,248,176,286,321,Dinner_scene_Trimmed_3_202.jpeg,1280,620
Brad-Pitt,245,162,303,326,Dinner_scene_Trimmed_3_203.jpeg,1280,620
Brad-Pitt,264,156,286,349,Dinner_scene_Trimmed_3_204.jpeg,1280,620
Brad-Pitt,247,154,316,343,Dinner_scene_Trimmed_3_205.jpeg,1280,620
Brad-Pitt,262,154,295,364,Dinner_scene_Trimmed_3_206.jpeg,1280,620
Brad-Pitt,254,151,293,335,Dinner_scene_Trimmed_3_207.jpeg,1280,620
Brad-Pitt,267,141,297,366,Dinner_scene_Trimmed_3_208.jpeg,1280,620
Brad-Pitt,252,125,326,379,Dinner_scene_Trimmed_3_209.jpeg,1280,620
Angelina-Jolie,792,97,241,305,Dinner_scene_Trimmed_3_21.jpeg,1280,620
Brad-Pitt,237,155,325,336,Dinner_scene_Trimmed_3_210.jpeg,1280,620
Brad-Pitt,279,160,294,342,Dinner_scene_Trimmed_3_211.jpeg,1280,620
Brad-Pitt,258,154,334,343,Dinner_scene_Trimmed_3_212.jpeg,1280,620
Brad-Pitt,264,141,306,367,Dinner_scene_Trimmed_3_213.jpeg,1280,620
Brad-Pitt,276,165,302,348,Dinner_scene_Trimmed_3_214.jpeg,1280,620
Brad-Pitt,270,171,306,326,Dinner_scene_Trimmed_3_215.jpeg,1280,620
Brad-Pitt,263,148,325,352,Dinner_scene_Trimmed_3_216.jpeg,1280,620
Brad-Pitt,272,143,299,366,Dinner_scene_Trimmed_3_217.jpeg,1280,620
Brad-Pitt,269,139,308,367,Dinner_scene_Trimmed_3_218.jpeg,1280,620
Brad-Pitt,277,149,301,349,Dinner_scene_Trimmed_3_219.jpeg,1280,620
Angelina-Jolie,808,111,224,287,Dinner_scene_Trimmed_3_22.jpeg,1280,620
Brad-Pitt,267,138,303,356,Dinner_scene_Trimmed_3_220.jpeg,1280,620
Brad-Pitt,265,139,300,357,Dinner_scene_Trimmed_3_221.jpeg,1280,620
Brad-Pitt,270,142,301,369,Dinner_scene_Trimmed_3_222.jpeg,1280,620
Brad-Pitt,277,139,283,361,Dinner_scene_Trimmed_3_223.jpeg,1280,620
Brad-Pitt,264,130,312,366,Dinner_scene_Trimmed_3_224.jpeg,1280,620
Brad-Pitt,275,122,304,377,Dinner_scene_Trimmed_3_225.jpeg,1280,620
Brad-Pitt,275,136,300,359,Dinner_scene_Trimmed_3_226.jpeg,1280,620
Brad-Pitt,272,124,295,379,Dinner_scene_Trimmed_3_227.jpeg,1280,620
Brad-Pitt,251,127,323,355,Dinner_scene_Trimmed_3_228.jpeg,1280,620
Brad-Pitt,260,140,311,363,Dinner_scene_Trimmed_3_229.jpeg,1280,620
Angelina-Jolie,816,100,221,292,Dinner_scene_Trimmed_3_23.jpeg,1280,620
Brad-Pitt,274,135,284,370,Dinner_scene_Trimmed_3_230.jpeg,1280,620
Brad-Pitt,252,132,332,358,Dinner_scene_Trimmed_3_231.jpeg,1280,620
Brad-Pitt,269,130,302,380,Dinner_scene_Trimmed_3_232.jpeg,1280,620
Brad-Pitt,267,123,298,365,Dinner_scene_Trimmed_3_233.jpeg,1280,620
Brad-Pitt,256,162,318,335,Dinner_scene_Trimmed_3_234.jpeg,1280,620
Brad-Pitt,258,136,313,362,Dinner_scene_Trimmed_3_235.jpeg,1280,620
Brad-Pitt,273,156,295,337,Dinner_scene_Trimmed_3_236.jpeg,1280,620
Brad-Pitt,263,150,309,337,Dinner_scene_Trimmed_3_237.jpeg,1280,620
Brad-Pitt,260,157,306,345,Dinner_scene_Trimmed_3_238.jpeg,1280,620
Brad-Pitt,275,161,283,337,Dinner_scene_Trimmed_3_239.jpeg,1280,620
Angelina-Jolie,810,112,230,282,Dinner_scene_Trimmed_3_24.jpeg,1280,620
Brad-Pitt,262,153,303,346,Dinner_scene_Trimmed_3_240.jpeg,1280,620
Brad-Pitt,258,145,311,358,Dinner_scene_Trimmed_3_241.jpeg,1280,620
Brad-Pitt,272,130,293,367,Dinner_scene_Trimmed_3_242.jpeg,1280,620
Brad-Pitt,262,134,308,382,Dinner_scene_Trimmed_3_243.jpeg,1280,620
Brad-Pitt,258,136,288,355,Dinner_scene_Trimmed_3_244.jpeg,1280,620
Brad-Pitt,281,127,287,376,Dinner_scene_Trimmed_3_245.jpeg,1280,620
Brad-Pitt,259,117,309,389,Dinner_scene_Trimmed_3_246.jpeg,1280,620
Brad-Pitt,261,123,305,366,Dinner_scene_Trimmed_3_247.jpeg,1280,620
Brad-Pitt,264,136,320,359,Dinner_scene_Trimmed_3_248.jpeg,1280,620
Brad-Pitt,267,135,306,334,Dinner_scene_Trimmed_3_249.jpeg,1280,620
Angelina-Jolie,810,116,220,267,Dinner_scene_Trimmed_3_25.jpeg,1280,620
Brad-Pitt,264,71,326,408,Dinner_scene_Trimmed_3_250.jpeg,1280,620
Brad-Pitt,259,107,312,369,Dinner_scene_Trimmed_3_251.jpeg,1280,620
Brad-Pitt,271,104,309,354,Dinner_scene_Trimmed_3_252.jpeg,1280,620
Brad-Pitt,273,94,286,384,Dinner_scene_Trimmed_3_253.jpeg,1280,620
Brad-Pitt,231,68,352,407,Dinner_scene_Trimmed_3_254.jpeg,1280,620
Brad-Pitt,285,74,279,391,Dinner_scene_Trimmed_3_255.jpeg,1280,620
Brad-Pitt,274,90,286,369,Dinner_scene_Trimmed_3_256.jpeg,1280,620
Brad-Pitt,248,84,318,375,Dinner_scene_Trimmed_3_257.jpeg,1280,620
Brad-Pitt,269,90,296,366,Dinner_scene_Trimmed_3_258.jpeg,1280,620
Brad-Pitt,278,102,292,345,Dinner_scene_Trimmed_3_259.jpeg,1280,620
Angelina-Jolie,804,93,237,282,Dinner_scene_Trimmed_3_26.jpeg,1280,620
Brad-Pitt,274,106,287,346,Dinner_scene_Trimmed_3_260.jpeg,1280,620
Brad-Pitt,276,89,287,366,Dinner_scene_Trimmed_3_261.jpeg,1280,620
Brad-Pitt,272,70,285,391,Dinner_scene_Trimmed_3_262.jpeg,1280,620
Brad-Pitt,287,94,281,361,Dinner_scene_Trimmed_3_263.jpeg,1280,620
Brad-Pitt,264,85,317,384,Dinner_scene_Trimmed_3_264.jpeg,1280,620
Brad-Pitt,279,84,289,363,Dinner_scene_Trimmed_3_265.jpeg,1280,620
Brad-Pitt,274,102,320,350,Dinner_scene_Trimmed_3_266.jpeg,1280,620
Brad-Pitt,281,100,290,349,Dinner_scene_Trimmed_3_267.jpeg,1280,620
Brad-Pitt,275,79,306,379,Dinner_scene_Trimmed_3_268.jpeg,1280,620
Brad-Pitt,285,87,290,368,Dinner_scene_Trimmed_3_269.jpeg,1280,620
Angelina-Jolie,808,89,247,267,Dinner_scene_Trimmed_3_27.jpeg,1280,620
Brad-Pitt,283,94,289,355,Dinner_scene_Trimmed_3_270.jpeg,1280,620
Brad-Pitt,274,94,310,359,Dinner_scene_Trimmed_3_271.jpeg,1280,620
Brad-Pitt,266,91,323,362,Dinner_scene_Trimmed_3_272.jpeg,1280,620
Brad-Pitt,283,86,283,362,Dinner_scene_Trimmed_3_273.jpeg,1280,620
Brad-Pitt,284,85,309,366,Dinner_scene_Trimmed_3_274.jpeg,1280,620
Brad-Pitt,284,76,311,375,Dinner_scene_Trimmed_3_275.jpeg,1280,620
Brad-Pitt,262,81,327,373,Dinner_scene_Trimmed_3_276.jpeg,1280,620
Brad-Pitt,284,92,295,365,Dinner_scene_Trimmed_3_277.jpeg,1280,620
Brad-Pitt,285,94,320,352,Dinner_scene_Trimmed_3_278.jpeg,1280,620
Brad-Pitt,271,97,320,338,Dinner_scene_Trimmed_3_279.jpeg,1280,620
Angelina-Jolie,806,95,251,265,Dinner_scene_Trimmed_3_28.jpeg,1280,620
Brad-Pitt,267,84,312,384,Dinner_scene_Trimmed_3_280.jpeg,1280,620
Brad-Pitt,261,74,328,386,Dinner_scene_Trimmed_3_281.jpeg,1280,620
Brad-Pitt,261,70,324,392,Dinner_scene_Trimmed_3_282.jpeg,1280,620
Brad-Pitt,279,61,292,394,Dinner_scene_Trimmed_3_283.jpeg,1280,620
Brad-Pitt,265,65,314,415,Dinner_scene_Trimmed_3_284.jpeg,1280,620
Brad-Pitt,267,96,322,365,Dinner_scene_Trimmed_3_285.jpeg,1280,620
Brad-Pitt,291,88,290,381,Dinner_scene_Trimmed_3_286.jpeg,1280,620
Brad-Pitt,255,62,319,433,Dinner_scene_Trimmed_3_287.jpeg,1280,620
Brad-Pitt,250,79,323,396,Dinner_scene_Trimmed_3_288.jpeg,1280,620
Brad-Pitt,272,88,312,373,Dinner_scene_Trimmed_3_289.jpeg,1280,620
Angelina-Jolie,809,82,232,310,Dinner_scene_Trimmed_3_29.jpeg,1280,620
Brad-Pitt,264,84,315,408,Dinner_scene_Trimmed_3_290.jpeg,1280,620
Brad-Pitt,263,88,309,386,Dinner_scene_Trimmed_3_291.jpeg,1280,620
Brad-Pitt,275,102,301,403,Dinner_scene_Trimmed_3_292.jpeg,1280,620
Brad-Pitt,273,107,318,402,Dinner_scene_Trimmed_3_293.jpeg,1280,620
Brad-Pitt,262,117,328,361,Dinner_scene_Trimmed_3_294.jpeg,1280,620
Brad-Pitt,287,156,299,374,Dinner_scene_Trimmed_3_295.jpeg,1280,620
Brad-Pitt,285,132,289,389,Dinner_scene_Trimmed_3_296.jpeg,1280,620
Brad-Pitt,270,116,314,385,Dinner_scene_Trimmed_3_297.jpeg,1280,620
Brad-Pitt,257,145,321,346,Dinner_scene_Trimmed_3_298.jpeg,1280,620
Brad-Pitt,265,136,317,344,Dinner_scene_Trimmed_3_299.jpeg,1280,620
Angelina-Jolie,782,141,219,286,Dinner_scene_Trimmed_3_3.jpeg,1280,620
Angelina-Jolie,790,85,268,331,Dinner_scene_Trimmed_3_30.jpeg,1280,620
Brad-Pitt,275,104,329,382,Dinner_scene_Trimmed_3_300.jpeg,1280,620
Brad-Pitt,288,119,283,346,Dinner_scene_Trimmed_3_301.jpeg,1280,620
Brad-Pitt,267,97,300,340,Dinner_scene_Trimmed_3_302.jpeg,1280,620
Brad-Pitt,258,80,310,334,Dinner_scene_Trimmed_3_303.jpeg,1280,620
Brad-Pitt,284,88,298,323,Dinner_scene_Trimmed_3_304.jpeg,1280,620
Brad-Pitt,288,85,289,316,Dinner_scene_Trimmed_3_305.jpeg,1280,620
Brad-Pitt,290,91,265,322,Dinner_scene_Trimmed_3_306.jpeg,1280,620
Brad-Pitt,277,87,319,289,Dinner_scene_Trimmed_3_307.jpeg,1280,620
Brad-Pitt,275,55,300,323,Dinner_scene_Trimmed_3_308.jpeg,1280,620
Brad-Pitt,262,55,321,303,Dinner_scene_Trimmed_3_309.jpeg,1280,620
Angelina-Jolie,807,93,250,297,Dinner_scene_Trimmed_3_31.jpeg,1280,620
Brad-Pitt,277,39,297,312,Dinner_scene_Trimmed_3_310.jpeg,1280,620
Brad-Pitt,270,53,305,309,Dinner_scene_Trimmed_3_311.jpeg,1280,620
Brad-Pitt,285,14,287,285,Dinner_scene_Trimmed_3_312.jpeg,1280,620
Angelina-Jolie,816,68,244,328,Dinner_scene_Trimmed_3_32.jpeg,1280,620
Angelina-Jolie,819,55,244,334,Dinner_scene_Trimmed_3_33.jpeg,1280,620
Angelina-Jolie,824,79,243,330,Dinner_scene_Trimmed_3_34.jpeg,1280,620
Angelina-Jolie,814,78,244,324,Dinner_scene_Trimmed_3_35.jpeg,1280,620
Angelina-Jolie,834,82,237,294,Dinner_scene_Trimmed_3_36.jpeg,1280,620
Angelina-Jolie,807,98,268,318,Dinner_scene_Trimmed_3_37.jpeg,1280,620
Angelina-Jolie,843,81,231,295,Dinner_scene_Trimmed_3_38.jpeg,1280,620
Angelina-Jolie,843,86,219,310,Dinner_scene_Trimmed_3_39.jpeg,1280,620
Angelina-Jolie,782,122,233,304,Dinner_scene_Trimmed_3_4.jpeg,1280,620
Angelina-Jolie,841,124,219,276,Dinner_scene_Trimmed_3_40.jpeg,1280,620
Angelina-Jolie,846,79,228,320,Dinner_scene_Trimmed_3_41.jpeg,1280,620
Brad-Pitt,464,51,284,254,Dinner_scene_Trimmed_3_410.jpeg,1280,620
Brad-Pitt,445,25,297,290,Dinner_scene_Trimmed_3_411.jpeg,1280,620
Brad-Pitt,448,46,314,250,Dinner_scene_Trimmed_3_412.jpeg,1280,620
Brad-Pitt,466,38,284,260,Dinner_scene_Trimmed_3_413.jpeg,1280,620
Brad-Pitt,468,44,285,269,Dinner_scene_Trimmed_3_414.jpeg,1280,620
Brad-Pitt,459,13,290,315,Dinner_scene_Trimmed_3_415.jpeg,1280,620
Brad-Pitt,458,43,315,297,Dinner_scene_Trimmed_3_416.jpeg,1280,620
Angelina-Jolie,817,70,260,339,Dinner_scene_Trimmed_3_42.jpeg,1280,620
Brad-Pitt,441,54,338,273,Dinner_scene_Trimmed_3_420.jpeg,1280,620
Brad-Pitt,476,47,306,294,Dinner_scene_Trimmed_3_422.jpeg,1280,620
Brad-Pitt,430,35,334,341,Dinner_scene_Trimmed_3_423.jpeg,1280,620
Brad-Pitt,447,56,294,283,Dinner_scene_Trimmed_3_424.jpeg,1280,620
Brad-Pitt,450,47,285,299,Dinner_scene_Trimmed_3_425.jpeg,1280,620
Brad-Pitt,454,43,323,317,Dinner_scene_Trimmed_3_426.jpeg,1280,620
Brad-Pitt,423,35,365,359,Dinner_scene_Trimmed_3_427.jpeg,1280,620
Brad-Pitt,419,41,326,375,Dinner_scene_Trimmed_3_428.jpeg,1280,620
Brad-Pitt,424,39,327,357,Dinner_scene_Trimmed_3_429.jpeg,1280,620
Angelina-Jolie,841,87,237,323,Dinner_scene_Trimmed_3_43.jpeg,1280,620
Brad-Pitt,432,51,335,346,Dinner_scene_Trimmed_3_430.jpeg,1280,620
Brad-Pitt,180,147,384,371,Dinner_scene_Trimmed_3_44.jpeg,1280,620
Brad-Pitt,211,153,315,340,Dinner_scene_Trimmed_3_45.jpeg,1280,620
Brad-Pitt,206,159,335,330,Dinner_scene_Trimmed_3_46.jpeg,1280,620
Brad-Pitt,207,174,318,325,Dinner_scene_Trimmed_3_47.jpeg,1280,620
Brad-Pitt,232,187,292,296,Dinner_scene_Trimmed_3_48.jpeg,1280,620
Brad-Pitt,215,186,361,297,Dinner_scene_Trimmed_3_49.jpeg,1280,620
Angelina-Jolie,766,133,260,316,Dinner_scene_Trimmed_3_5.jpeg,1280,620
Brad-Pitt,209,196,325,302,Dinner_scene_Trimmed_3_50.jpeg,1280,620
Brad-Pitt,210,194,309,300,Dinner_scene_Trimmed_3_51.jpeg,1280,620
Brad-Pitt,224,185,281,325,Dinner_scene_Trimmed_3_52.jpeg,1280,620
Brad-Pitt,219,195,314,297,Dinner_scene_Trimmed_3_53.jpeg,1280,620
Brad-Pitt,214,193,290,314,Dinner_scene_Trimmed_3_54.jpeg,1280,620
Brad-Pitt,199,209,336,293,Dinner_scene_Trimmed_3_55.jpeg,1280,620
Brad-Pitt,232,197,261,318,Dinner_scene_Trimmed_3_56.jpeg,1280,620
Brad-Pitt,207,185,322,356,Dinner_scene_Trimmed_3_57.jpeg,1280,620
Brad-Pitt,232,195,291,299,Dinner_scene_Trimmed_3_58.jpeg,1280,620
Brad-Pitt,248,215,282,281,Dinner_scene_Trimmed_3_59.jpeg,1280,620
Angelina-Jolie,790,141,224,292,Dinner_scene_Trimmed_3_6.jpeg,1280,620
Brad-Pitt,224,204,311,302,Dinner_scene_Trimmed_3_60.jpeg,1280,620
Brad-Pitt,202,181,325,306,Dinner_scene_Trimmed_3_61.jpeg,1280,620
Brad-Pitt,206,191,345,335,Dinner_scene_Trimmed_3_62.jpeg,1280,620
Brad-Pitt,234,195,302,274,Dinner_scene_Trimmed_3_63.jpeg,1280,620
Brad-Pitt,233,177,336,295,Dinner_scene_Trimmed_3_64.jpeg,1280,620
Brad-Pitt,198,179,347,332,Dinner_scene_Trimmed_3_65.jpeg,1280,620
Brad-Pitt,212,197,332,258,Dinner_scene_Trimmed_3_66.jpeg,1280,620
Brad-Pitt,238,199,263,255,Dinner_scene_Trimmed_3_67.jpeg,1280,620
Brad-Pitt,246,193,318,264,Dinner_scene_Trimmed_3_68.jpeg,1280,620
Brad-Pitt,262,176,264,318,Dinner_scene_Trimmed_3_69.jpeg,1280,620
Angelina-Jolie,796,132,225,284,Dinner_scene_Trimmed_3_7.jpeg,1280,620
Brad-Pitt,220,185,336,317,Dinner_scene_Trimmed_3_70.jpeg,1280,620
Brad-Pitt,208,198,394,291,Dinner_scene_Trimmed_3_71.jpeg,1280,620
Brad-Pitt,232,178,320,300,Dinner_scene_Trimmed_3_72.jpeg,1280,620
Brad-Pitt,218,145,328,338,Dinner_scene_Trimmed_3_73.jpeg,1280,620
Brad-Pitt,204,142,324,359,Dinner_scene_Trimmed_3_74.jpeg,1280,620
Brad-Pitt,237,164,286,344,Dinner_scene_Trimmed_3_75.jpeg,1280,620
Brad-Pitt,214,160,336,318,Dinner_scene_Trimmed_3_76.jpeg,1280,620
Brad-Pitt,252,192,272,295,Dinner_scene_Trimmed_3_77.jpeg,1280,620
Brad-Pitt,215,196,317,281,Dinner_scene_Trimmed_3_78.jpeg,1280,620
Brad-Pitt,246,199,290,286,Dinner_scene_Trimmed_3_79.jpeg,1280,620
Angelina-Jolie,802,139,222,291,Dinner_scene_Trimmed_3_8.jpeg,1280,620
Brad-Pitt,238,202,326,284,Dinner_scene_Trimmed_3_80.jpeg,1280,620
Brad-Pitt,235,198,322,275,Dinner_scene_Trimmed_3_81.jpeg,1280,620
Brad-Pitt,221,167,327,309,Dinner_scene_Trimmed_3_82.jpeg,1280,620
Brad-Pitt,241,192,273,264,Dinner_scene_Trimmed_3_83.jpeg,1280,620
Brad-Pitt,222,200,322,286,Dinner_scene_Trimmed_3_84.jpeg,1280,620
Brad-Pitt,248,200,296,296,Dinner_scene_Trimmed_3_85.jpeg,1280,620
Brad-Pitt,251,199,287,267,Dinner_scene_Trimmed_3_86.jpeg,1280,620
Brad-Pitt,222,191,342,299,Dinner_scene_Trimmed_3_87.jpeg,1280,620
Brad-Pitt,255,202,297,278,Dinner_scene_Trimmed_3_88.jpeg,1280,620
Brad-Pitt,262,220,314,246,Dinner_scene_Trimmed_3_89.jpeg,1280,620
Angelina-Jolie,744,134,311,312,Dinner_scene_Trimmed_3_9.jpeg,1280,620
Brad-Pitt,226,197,310,287,Dinner_scene_Trimmed_3_90.jpeg,1280,620
Brad-Pitt,237,195,311,258,Dinner_scene_Trimmed_3_91.jpeg,1280,620
Brad-Pitt,219,172,312,312,Dinner_scene_Trimmed_3_92.jpeg,1280,620
Brad-Pitt,236,153,330,319,Dinner_scene_Trimmed_3_93.jpeg,1280,620
Brad-Pitt,246,157,294,347,Dinner_scene_Trimmed_3_94.jpeg,1280,620
Brad-Pitt,240,170,299,303,Dinner_scene_Trimmed_3_95.jpeg,1280,620
Brad-Pitt,225,144,318,338,Dinner_scene_Trimmed_3_96.jpeg,1280,620
Brad-Pitt,252,196,293,301,Dinner_scene_Trimmed_3_97.jpeg,1280,620
Brad-Pitt,223,182,355,294,Dinner_scene_Trimmed_3_98.jpeg,1280,620
Brad-Pitt,241,181,338,284,Dinner_scene_Trimmed_3_99.jpeg,1280,620
Brad-Pitt,372,197,273,250,Dinner_scene_Trimmed_3_1000.jpeg,1280,620
Brad-Pitt,372,231,288,216,Dinner_scene_Trimmed_3_1001.jpeg,1280,620
Brad-Pitt,366,201,292,243,Dinner_scene_Trimmed_3_1002.jpeg,1280,620
Brad-Pitt,370,199,285,248,Dinner_scene_Trimmed_3_1003.jpeg,1280,620
Brad-Pitt,374,198,278,246,Dinner_scene_Trimmed_3_1004.jpeg,1280,620
Brad-Pitt,367,202,293,243,Dinner_scene_Trimmed_3_1005.jpeg,1280,620
Brad-Pitt,365,207,295,238,Dinner_scene_Trimmed_3_1006.jpeg,1280,620
Brad-Pitt,366,192,299,256,Dinner_scene_Trimmed_3_1007.jpeg,1280,620
Brad-Pitt,369,199,295,246,Dinner_scene_Trimmed_3_1008.jpeg,1280,620
Brad-Pitt,365,193,296,262,Dinner_scene_Trimmed_3_1009.jpeg,1280,620
Brad-Pitt,366,194,290,252,Dinner_scene_Trimmed_3_1010.jpeg,1280,620
Brad-Pitt,368,202,291,252,Dinner_scene_Trimmed_3_1011.jpeg,1280,620
Brad-Pitt,364,200,300,258,Dinner_scene_Trimmed_3_1012.jpeg,1280,620
Brad-Pitt,366,193,283,276,Dinner_scene_Trimmed_3_1013.jpeg,1280,620
Brad-Pitt,370,201,287,270,Dinner_scene_Trimmed_3_1014.jpeg,1280,620
Brad-Pitt,369,199,285,278,Dinner_scene_Trimmed_3_1015.jpeg,1280,620
Brad-Pitt,358,192,298,284,Dinner_scene_Trimmed_3_1016.jpeg,1280,620
Brad-Pitt,365,199,295,268,Dinner_scene_Trimmed_3_1017.jpeg,1280,620
Brad-Pitt,372,192,288,278,Dinner_scene_Trimmed_3_1018.jpeg,1280,620
Brad-Pitt,363,184,300,291,Dinner_scene_Trimmed_3_1019.jpeg,1280,620
Brad-Pitt,368,196,297,272,Dinner_scene_Trimmed_3_1020.jpeg,1280,620
Brad-Pitt,374,206,286,261,Dinner_scene_Trimmed_3_1021.jpeg,1280,620
Brad-Pitt,369,197,293,272,Dinner_scene_Trimmed_3_1022.jpeg,1280,620
Brad-Pitt,376,196,282,271,Dinner_scene_Trimmed_3_1023.jpeg,1280,620
Brad-Pitt,368,193,296,270,Dinner_scene_Trimmed_3_1024.jpeg,1280,620
Brad-Pitt,365,191,300,262,Dinner_scene_Trimmed_3_1025.jpeg,1280,620
Brad-Pitt,369,200,297,251,Dinner_scene_Trimmed_3_1026.jpeg,1280,620
Brad-Pitt,367,192,297,256,Dinner_scene_Trimmed_3_1027.jpeg,1280,620
Brad-Pitt,365,193,293,256,Dinner_scene_Trimmed_3_1028.jpeg,1280,620
Brad-Pitt,362,188,298,266,Dinner_scene_Trimmed_3_1029.jpeg,1280,620
Brad-Pitt,372,211,290,240,Dinner_scene_Trimmed_3_1030.jpeg,1280,620
Brad-Pitt,369,189,295,255,Dinner_scene_Trimmed_3_1031.jpeg,1280,620
Brad-Pitt,369,184,295,262,Dinner_scene_Trimmed_3_1032.jpeg,1280,620
Brad-Pitt,368,185,295,267,Dinner_scene_Trimmed_3_1033.jpeg,1280,620
Brad-Pitt,367,193,298,245,Dinner_scene_Trimmed_3_1034.jpeg,1280,620
Brad-Pitt,364,189,300,261,Dinner_scene_Trimmed_3_1035.jpeg,1280,620
Brad-Pitt,363,194,304,250,Dinner_scene_Trimmed_3_1036.jpeg,1280,620
Brad-Pitt,366,184,298,257,Dinner_scene_Trimmed_3_1037.jpeg,1280,620
Brad-Pitt,374,200,286,246,Dinner_scene_Trimmed_3_1038.jpeg,1280,620
Brad-Pitt,372,182,293,267,Dinner_scene_Trimmed_3_1039.jpeg,1280,620
Brad-Pitt,371,180,294,272,Dinner_scene_Trimmed_3_1040.jpeg,1280,620
Brad-Pitt,367,188,295,269,Dinner_scene_Trimmed_3_1041.jpeg,1280,620
Brad-Pitt,373,197,298,260,Dinner_scene_Trimmed_3_1042.jpeg,1280,620
Brad-Pitt,370,188,298,277,Dinner_scene_Trimmed_3_1043.jpeg,1280,620
Brad-Pitt,372,192,293,273,Dinner_scene_Trimmed_3_1044.jpeg,1280,620
Brad-Pitt,371,192,296,272,Dinner_scene_Trimmed_3_1045.jpeg,1280,620
Brad-Pitt,372,188,294,278,Dinner_scene_Trimmed_3_1046.jpeg,1280,620
Brad-Pitt,374,188,294,276,Dinner_scene_Trimmed_3_1047.jpeg,1280,620
Brad-Pitt,376,185,288,284,Dinner_scene_Trimmed_3_1048.jpeg,1280,620
Brad-Pitt,376,187,288,277,Dinner_scene_Trimmed_3_1049.jpeg,1280,620
Brad-Pitt,375,178,289,285,Dinner_scene_Trimmed_3_1050.jpeg,1280,620
Brad-Pitt,372,189,296,279,Dinner_scene_Trimmed_3_1051.jpeg,1280,620
Brad-Pitt,376,198,291,267,Dinner_scene_Trimmed_3_1052.jpeg,1280,620
Brad-Pitt,377,191,292,277,Dinner_scene_Trimmed_3_1053.jpeg,1280,620
Brad-Pitt,375,178,292,303,Dinner_scene_Trimmed_3_1054.jpeg,1280,620
Brad-Pitt,376,188,291,281,Dinner_scene_Trimmed_3_1055.jpeg,1280,620
Brad-Pitt,376,191,293,275,Dinner_scene_Trimmed_3_1056.jpeg,1280,620
Brad-Pitt,378,186,287,275,Dinner_scene_Trimmed_3_1057.jpeg,1280,620
Brad-Pitt,377,182,287,271,Dinner_scene_Trimmed_3_1058.jpeg,1280,620
Brad-Pitt,375,179,295,282,Dinner_scene_Trimmed_3_1059.jpeg,1280,620
Brad-Pitt,374,184,296,262,Dinner_scene_Trimmed_3_1060.jpeg,1280,620
Brad-Pitt,375,177,295,283,Dinner_scene_Trimmed_3_1061.jpeg,1280,620
Brad-Pitt,377,175,291,287,Dinner_scene_Trimmed_3_1062.jpeg,1280,620
Brad-Pitt,375,182,297,265,Dinner_scene_Trimmed_3_1063.jpeg,1280,620
Brad-Pitt,376,171,293,278,Dinner_scene_Trimmed_3_1064.jpeg,1280,620
Brad-Pitt,378,175,293,284,Dinner_scene_Trimmed_3_1065.jpeg,1280,620
Brad-Pitt,378,185,293,251,Dinner_scene_Trimmed_3_1066.jpeg,1280,620
Brad-Pitt,383,186,284,254,Dinner_scene_Trimmed_3_1067.jpeg,1280,620
Brad-Pitt,380,174,288,265,Dinner_scene_Trimmed_3_1068.jpeg,1280,620
Brad-Pitt,378,168,291,265,Dinner_scene_Trimmed_3_1069.jpeg,1280,620
Brad-Pitt,376,170,294,266,Dinner_scene_Trimmed_3_1070.jpeg,1280,620
Brad-Pitt,379,176,290,267,Dinner_scene_Trimmed_3_1071.jpeg,1280,620
Brad-Pitt,377,181,294,257,Dinner_scene_Trimmed_3_1072.jpeg,1280,620
Brad-Pitt,378,176,296,267,Dinner_scene_Trimmed_3_1073.jpeg,1280,620
Brad-Pitt,377,179,292,274,Dinner_scene_Trimmed_3_1074.jpeg,1280,620
Brad-Pitt,377,175,296,275,Dinner_scene_Trimmed_3_1075.jpeg,1280,620
Brad-Pitt,379,180,294,265,Dinner_scene_Trimmed_3_1076.jpeg,1280,620
Brad-Pitt,376,171,293,283,Dinner_scene_Trimmed_3_1077.jpeg,1280,620
Brad-Pitt,374,178,298,265,Dinner_scene_Trimmed_3_1078.jpeg,1280,620
Brad-Pitt,372,168,303,289,Dinner_scene_Trimmed_3_1079.jpeg,1280,620
Brad-Pitt,369,169,303,281,Dinner_scene_Trimmed_3_1080.jpeg,1280,620
Brad-Pitt,370,175,302,275,Dinner_scene_Trimmed_3_1081.jpeg,1280,620
Brad-Pitt,378,191,292,255,Dinner_scene_Trimmed_3_1082.jpeg,1280,620
Brad-Pitt,381,203,269,261,Dinner_scene_Trimmed_3_1083.jpeg,1280,620
Brad-Pitt,383,195,263,266,Dinner_scene_Trimmed_3_1084.jpeg,1280,620
Brad-Pitt,382,182,270,276,Dinner_scene_Trimmed_3_1085.jpeg,1280,620
Brad-Pitt,383,187,256,278,Dinner_scene_Trimmed_3_1086.jpeg,1280,620
Brad-Pitt,382,194,271,276,Dinner_scene_Trimmed_3_1087.jpeg,1280,620
Brad-Pitt,381,192,269,275,Dinner_scene_Trimmed_3_1088.jpeg,1280,620
Brad-Pitt,379,183,269,292,Dinner_scene_Trimmed_3_1089.jpeg,1280,620
Brad-Pitt,377,185,271,291,Dinner_scene_Trimmed_3_1090.jpeg,1280,620
Brad-Pitt,379,178,276,301,Dinner_scene_Trimmed_3_1091.jpeg,1280,620
Brad-Pitt,382,169,273,310,Dinner_scene_Trimmed_3_1092.jpeg,1280,620
Brad-Pitt,384,171,267,308,Dinner_scene_Trimmed_3_1093.jpeg,1280,620
Brad-Pitt,382,185,270,287,Dinner_scene_Trimmed_3_1094.jpeg,1280,620
Brad-Pitt,385,182,259,288,Dinner_scene_Trimmed_3_1095.jpeg,1280,620
Brad-Pitt,381,168,268,304,Dinner_scene_Trimmed_3_1096.jpeg,1280,620
Brad-Pitt,381,189,276,275,Dinner_scene_Trimmed_3_1097.jpeg,1280,620
Brad-Pitt,382,191,271,277,Dinner_scene_Trimmed_3_1098.jpeg,1280,620
Brad-Pitt,377,156,288,298,Dinner_scene_Trimmed_3_1099.jpeg,1280,620
Brad-Pitt,381,158,283,291,Dinner_scene_Trimmed_3_1100.jpeg,1280,620
Brad-Pitt,384,171,281,283,Dinner_scene_Trimmed_3_1101.jpeg,1280,620
Brad-Pitt,383,168,278,276,Dinner_scene_Trimmed_3_1102.jpeg,1280,620
Brad-Pitt,384,174,275,276,Dinner_scene_Trimmed_3_1103.jpeg,1280,620
Brad-Pitt,385,180,269,268,Dinner_scene_Trimmed_3_1104.jpeg,1280,620
Brad-Pitt,385,172,269,276,Dinner_scene_Trimmed_3_1105.jpeg,1280,620
Brad-Pitt,388,173,274,268,Dinner_scene_Trimmed_3_1106.jpeg,1280,620
Brad-Pitt,380,176,281,271,Dinner_scene_Trimmed_3_1107.jpeg,1280,620
Brad-Pitt,386,178,267,271,Dinner_scene_Trimmed_3_1108.jpeg,1280,620
Brad-Pitt,385,166,274,278,Dinner_scene_Trimmed_3_1109.jpeg,1280,620
Brad-Pitt,384,175,273,272,Dinner_scene_Trimmed_3_1110.jpeg,1280,620
Brad-Pitt,388,170,258,278,Dinner_scene_Trimmed_3_1111.jpeg,1280,620
Brad-Pitt,382,183,269,260,Dinner_scene_Trimmed_3_1112.jpeg,1280,620
Angelina-Jolie,771,189,223,232,Dinner_scene_Trimmed_3_771.jpeg,1280,620
Angelina-Jolie,779,188,218,226,Dinner_scene_Trimmed_3_772.jpeg,1280,620
Angelina-Jolie,779,178,208,247,Dinner_scene_Trimmed_3_773.jpeg,1280,620
Angelina-Jolie,777,183,211,248,Dinner_scene_Trimmed_3_774.jpeg,1280,620
Angelina-Jolie,790,196,202,224,Dinner_scene_Trimmed_3_775.jpeg,1280,620
Angelina-Jolie,800,195,196,220,Dinner_scene_Trimmed_3_776.jpeg,1280,620
Angelina-Jolie,797,200,194,220,Dinner_scene_Trimmed_3_778.jpeg,1280,620
Angelina-Jolie,802,199,190,224,Dinner_scene_Trimmed_3_779.jpeg,1280,620
Angelina-Jolie,804,180,195,237,Dinner_scene_Trimmed_3_780.jpeg,1280,620
Angelina-Jolie,799,176,191,241,Dinner_scene_Trimmed_3_781.jpeg,1280,620
Angelina-Jolie,810,171,184,245,Dinner_scene_Trimmed_3_782.jpeg,1280,620
Angelina-Jolie,810,169,185,256,Dinner_scene_Trimmed_3_783.jpeg,1280,620
Angelina-Jolie,808,172,191,243,Dinner_scene_Trimmed_3_784.jpeg,1280,620
Angelina-Jolie,807,169,186,242,Dinner_scene_Trimmed_3_785.jpeg,1280,620
Angelina-Jolie,803,168,190,246,Dinner_scene_Trimmed_3_786.jpeg,1280,620
Angelina-Jolie,806,165,185,249,Dinner_scene_Trimmed_3_787.jpeg,1280,620
Angelina-Jolie,803,185,191,214,Dinner_scene_Trimmed_3_788.jpeg,1280,620
Angelina-Jolie,808,172,187,236,Dinner_scene_Trimmed_3_789.jpeg,1280,620
Angelina-Jolie,815,175,184,232,Dinner_scene_Trimmed_3_790.jpeg,1280,620
Angelina-Jolie,808,179,190,230,Dinner_scene_Trimmed_3_791.jpeg,1280,620
Angelina-Jolie,808,170,189,239,Dinner_scene_Trimmed_3_792.jpeg,1280,620
Angelina-Jolie,806,167,192,241,Dinner_scene_Trimmed_3_793.jpeg,1280,620
Angelina-Jolie,808,164,188,248,Dinner_scene_Trimmed_3_794.jpeg,1280,620
Angelina-Jolie,808,171,187,240,Dinner_scene_Trimmed_3_795.jpeg,1280,620
Angelina-Jolie,810,176,188,233,Dinner_scene_Trimmed_3_796.jpeg,1280,620
Angelina-Jolie,807,172,186,240,Dinner_scene_Trimmed_3_797.jpeg,1280,620
Angelina-Jolie,807,165,205,247,Dinner_scene_Trimmed_3_798.jpeg,1280,620
Angelina-Jolie,814,181,191,233,Dinner_scene_Trimmed_3_799.jpeg,1280,620
Angelina-Jolie,812,186,187,217,Dinner_scene_Trimmed_3_800.jpeg,1280,620
Angelina-Jolie,809,177,192,239,Dinner_scene_Trimmed_3_801.jpeg,1280,620
Angelina-Jolie,809,175,193,232,Dinner_scene_Trimmed_3_802.jpeg,1280,620
Angelina-Jolie,808,183,202,218,Dinner_scene_Trimmed_3_803.jpeg,1280,620
Angelina-Jolie,804,191,192,217,Dinner_scene_Trimmed_3_804.jpeg,1280,620
Angelina-Jolie,809,179,193,232,Dinner_scene_Trimmed_3_805.jpeg,1280,620
Angelina-Jolie,806,177,201,232,Dinner_scene_Trimmed_3_806.jpeg,1280,620
Angelina-Jolie,803,179,198,215,Dinner_scene_Trimmed_3_807.jpeg,1280,620
Angelina-Jolie,809,183,192,223,Dinner_scene_Trimmed_3_808.jpeg,1280,620
Angelina-Jolie,807,184,189,222,Dinner_scene_Trimmed_3_809.jpeg,1280,620
Angelina-Jolie,798,176,199,213,Dinner_scene_Trimmed_3_810.jpeg,1280,620
Angelina-Jolie,800,174,196,216,Dinner_scene_Trimmed_3_811.jpeg,1280,620
Angelina-Jolie,801,174,191,209,Dinner_scene_Trimmed_3_812.jpeg,1280,620
Angelina-Jolie,800,172,191,211,Dinner_scene_Trimmed_3_813.jpeg,1280,620
Angelina-Jolie,796,166,203,213,Dinner_scene_Trimmed_3_814.jpeg,1280,620
Angelina-Jolie,794,164,197,221,Dinner_scene_Trimmed_3_815.jpeg,1280,620
Angelina-Jolie,797,152,194,229,Dinner_scene_Trimmed_3_816.jpeg,1280,620
Angelina-Jolie,783,179,207,207,Dinner_scene_Trimmed_3_817.jpeg,1280,620
Angelina-Jolie,796,177,189,214,Dinner_scene_Trimmed_3_818.jpeg,1280,620
Angelina-Jolie,793,158,190,242,Dinner_scene_Trimmed_3_819.jpeg,1280,620
Angelina-Jolie,796,159,191,229,Dinner_scene_Trimmed_3_820.jpeg,1280,620
Angelina-Jolie,795,155,192,241,Dinner_scene_Trimmed_3_821.jpeg,1280,620
Angelina-Jolie,799,145,197,248,Dinner_scene_Trimmed_3_822.jpeg,1280,620
Angelina-Jolie,794,157,198,236,Dinner_scene_Trimmed_3_823.jpeg,1280,620
Angelina-Jolie,799,147,187,256,Dinner_scene_Trimmed_3_824.jpeg,1280,620
Angelina-Jolie,796,145,193,246,Dinner_scene_Trimmed_3_825.jpeg,1280,620
Angelina-Jolie,790,158,204,237,Dinner_scene_Trimmed_3_826.jpeg,1280,620
Angelina-Jolie,797,151,190,241,Dinner_scene_Trimmed_3_827.jpeg,1280,620
Angelina-Jolie,785,147,208,236,Dinner_scene_Trimmed_3_828.jpeg,1280,620
Angelina-Jolie,795,160,187,223,Dinner_scene_Trimmed_3_829.jpeg,1280,620
Angelina-Jolie,786,155,201,228,Dinner_scene_Trimmed_3_830.jpeg,1280,620
Angelina-Jolie,788,153,201,224,Dinner_scene_Trimmed_3_831.jpeg,1280,620
Angelina-Jolie,788,153,195,235,Dinner_scene_Trimmed_3_832.jpeg,1280,620
Angelina-Jolie,791,153,192,230,Dinner_scene_Trimmed_3_833.jpeg,1280,620
Angelina-Jolie,794,149,195,230,Dinner_scene_Trimmed_3_834.jpeg,1280,620
Angelina-Jolie,790,148,202,225,Dinner_scene_Trimmed_3_835.jpeg,1280,620
Angelina-Jolie,792,147,194,234,Dinner_scene_Trimmed_3_836.jpeg,1280,620
Angelina-Jolie,785,160,203,221,Dinner_scene_Trimmed_3_837.jpeg,1280,620
Angelina-Jolie,792,160,183,220,Dinner_scene_Trimmed_3_838.jpeg,1280,620
Angelina-Jolie,790,152,187,231,Dinner_scene_Trimmed_3_839.jpeg,1280,620
Angelina-Jolie,791,155,188,231,Dinner_scene_Trimmed_3_840.jpeg,1280,620
Angelina-Jolie,792,177,192,208,Dinner_scene_Trimmed_3_841.jpeg,1280,620
Angelina-Jolie,785,165,192,223,Dinner_scene_Trimmed_3_842.jpeg,1280,620
Angelina-Jolie,790,171,188,216,Dinner_scene_Trimmed_3_843.jpeg,1280,620
Angelina-Jolie,791,165,186,222,Dinner_scene_Trimmed_3_844.jpeg,1280,620
Angelina-Jolie,782,174,206,228,Dinner_scene_Trimmed_3_845.jpeg,1280,620
Angelina-Jolie,785,182,187,209,Dinner_scene_Trimmed_3_846.jpeg,1280,620
Angelina-Jolie,785,168,192,242,Dinner_scene_Trimmed_3_847.jpeg,1280,620
Angelina-Jolie,780,176,191,228,Dinner_scene_Trimmed_3_848.jpeg,1280,620
Angelina-Jolie,786,172,184,231,Dinner_scene_Trimmed_3_849.jpeg,1280,620
Angelina-Jolie,780,175,194,233,Dinner_scene_Trimmed_3_850.jpeg,1280,620
Angelina-Jolie,783,165,197,252,Dinner_scene_Trimmed_3_851.jpeg,1280,620
Angelina-Jolie,782,168,184,235,Dinner_scene_Trimmed_3_852.jpeg,1280,620
Angelina-Jolie,783,160,190,241,Dinner_scene_Trimmed_3_853.jpeg,1280,620
Angelina-Jolie,784,152,193,260,Dinner_scene_Trimmed_3_854.jpeg,1280,620
Angelina-Jolie,783,160,190,229,Dinner_scene_Trimmed_3_855.jpeg,1280,620
Angelina-Jolie,784,160,190,233,Dinner_scene_Trimmed_3_856.jpeg,1280,620
Angelina-Jolie,785,159,189,231,Dinner_scene_Trimmed_3_857.jpeg,1280,620
Angelina-Jolie,785,153,193,230,Dinner_scene_Trimmed_3_858.jpeg,1280,620
Angelina-Jolie,781,143,194,254,Dinner_scene_Trimmed_3_859.jpeg,1280,620
Angelina-Jolie,783,161,196,233,Dinner_scene_Trimmed_3_860.jpeg,1280,620
Angelina-Jolie,785,179,185,210,Dinner_scene_Trimmed_3_861.jpeg,1280,620
Angelina-Jolie,784,170,194,220,Dinner_scene_Trimmed_3_862.jpeg,1280,620
Angelina-Jolie,788,165,177,216,Dinner_scene_Trimmed_3_863.jpeg,1280,620
Angelina-Jolie,786,171,186,209,Dinner_scene_Trimmed_3_864.jpeg,1280,620
Angelina-Jolie,788,162,189,216,Dinner_scene_Trimmed_3_865.jpeg,1280,620
Angelina-Jolie,786,168,196,214,Dinner_scene_Trimmed_3_866.jpeg,1280,620
Angelina-Jolie,790,159,188,221,Dinner_scene_Trimmed_3_867.jpeg,1280,620
Angelina-Jolie,788,162,188,222,Dinner_scene_Trimmed_3_868.jpeg,1280,620
Angelina-Jolie,788,159,191,222,Dinner_scene_Trimmed_3_869.jpeg,1280,620
Angelina-Jolie,788,162,186,224,Dinner_scene_Trimmed_3_870.jpeg,1280,620
Angelina-Jolie,786,164,192,229,Dinner_scene_Trimmed_3_871.jpeg,1280,620
Angelina-Jolie,786,161,191,225,Dinner_scene_Trimmed_3_872.jpeg,1280,620
Angelina-Jolie,779,166,197,230,Dinner_scene_Trimmed_3_873.jpeg,1280,620
Angelina-Jolie,788,167,187,230,Dinner_scene_Trimmed_3_874.jpeg,1280,620
Angelina-Jolie,792,171,184,230,Dinner_scene_Trimmed_3_875.jpeg,1280,620
Angelina-Jolie,790,169,184,236,Dinner_scene_Trimmed_3_876.jpeg,1280,620
Angelina-Jolie,788,167,185,236,Dinner_scene_Trimmed_3_877.jpeg,1280,620
Angelina-Jolie,786,158,198,233,Dinner_scene_Trimmed_3_878.jpeg,1280,620
Brad-Pitt,408,188,241,252,Dinner_scene_Trimmed_3_879.jpeg,1280,620
Brad-Pitt,401,185,250,262,Dinner_scene_Trimmed_3_880.jpeg,1280,620
Brad-Pitt,405,179,247,264,Dinner_scene_Trimmed_3_881.jpeg,1280,620
Brad-Pitt,410,181,238,255,Dinner_scene_Trimmed_3_882.jpeg,1280,620
Brad-Pitt,406,177,246,260,Dinner_scene_Trimmed_3_883.jpeg,1280,620
Brad-Pitt,404,180,255,259,Dinner_scene_Trimmed_3_884.jpeg,1280,620
Brad-Pitt,416,177,229,270,Dinner_scene_Trimmed_3_885.jpeg,1280,620
Brad-Pitt,411,174,244,270,Dinner_scene_Trimmed_3_886.jpeg,1280,620
Brad-Pitt,412,177,235,269,Dinner_scene_Trimmed_3_887.jpeg,1280,620
Brad-Pitt,412,180,238,269,Dinner_scene_Trimmed_3_888.jpeg,1280,620
Brad-Pitt,414,162,234,292,Dinner_scene_Trimmed_3_889.jpeg,1280,620
Brad-Pitt,416,172,235,287,Dinner_scene_Trimmed_3_890.jpeg,1280,620
Brad-Pitt,410,181,241,278,Dinner_scene_Trimmed_3_891.jpeg,1280,620
Brad-Pitt,409,182,243,276,Dinner_scene_Trimmed_3_892.jpeg,1280,620
Brad-Pitt,415,183,236,288,Dinner_scene_Trimmed_3_893.jpeg,1280,620
Brad-Pitt,410,175,238,292,Dinner_scene_Trimmed_3_894.jpeg,1280,620
Brad-Pitt,406,182,243,286,Dinner_scene_Trimmed_3_895.jpeg,1280,620
Brad-Pitt,411,179,239,273,Dinner_scene_Trimmed_3_896.jpeg,1280,620
Brad-Pitt,409,181,242,290,Dinner_scene_Trimmed_3_897.jpeg,1280,620
Brad-Pitt,409,189,243,286,Dinner_scene_Trimmed_3_898.jpeg,1280,620
Brad-Pitt,409,188,241,277,Dinner_scene_Trimmed_3_899.jpeg,1280,620
Brad-Pitt,416,175,237,300,Dinner_scene_Trimmed_3_900.jpeg,1280,620
Brad-Pitt,402,186,244,288,Dinner_scene_Trimmed_3_901.jpeg,1280,620
Brad-Pitt,403,194,250,286,Dinner_scene_Trimmed_3_902.jpeg,1280,620
Brad-Pitt,407,188,243,282,Dinner_scene_Trimmed_3_903.jpeg,1280,620
Brad-Pitt,415,168,224,304,Dinner_scene_Trimmed_3_904.jpeg,1280,620
Brad-Pitt,406,170,243,304,Dinner_scene_Trimmed_3_905.jpeg,1280,620
Brad-Pitt,402,169,249,308,Dinner_scene_Trimmed_3_906.jpeg,1280,620
Brad-Pitt,404,180,248,289,Dinner_scene_Trimmed_3_907.jpeg,1280,620
Brad-Pitt,403,172,246,294,Dinner_scene_Trimmed_3_908.jpeg,1280,620
Brad-Pitt,406,178,243,295,Dinner_scene_Trimmed_3_909.jpeg,1280,620
Brad-Pitt,407,175,241,283,Dinner_scene_Trimmed_3_910.jpeg,1280,620
Brad-Pitt,401,175,252,277,Dinner_scene_Trimmed_3_911.jpeg,1280,620
Brad-Pitt,407,180,243,276,Dinner_scene_Trimmed_3_912.jpeg,1280,620
Brad-Pitt,411,187,238,247,Dinner_scene_Trimmed_3_913.jpeg,1280,620
Brad-Pitt,407,197,241,248,Dinner_scene_Trimmed_3_914.jpeg,1280,620
Brad-Pitt,406,200,235,249,Dinner_scene_Trimmed_3_915.jpeg,1280,620
Brad-Pitt,406,187,238,258,Dinner_scene_Trimmed_3_916.jpeg,1280,620
Brad-Pitt,401,172,249,275,Dinner_scene_Trimmed_3_917.jpeg,1280,620
Brad-Pitt,406,176,242,268,Dinner_scene_Trimmed_3_918.jpeg,1280,620
Brad-Pitt,411,175,230,258,Dinner_scene_Trimmed_3_919.jpeg,1280,620
Brad-Pitt,403,159,245,279,Dinner_scene_Trimmed_3_920.jpeg,1280,620
Brad-Pitt,401,166,246,283,Dinner_scene_Trimmed_3_921.jpeg,1280,620
Brad-Pitt,407,177,239,275,Dinner_scene_Trimmed_3_922.jpeg,1280,620
Brad-Pitt,404,174,241,278,Dinner_scene_Trimmed_3_923.jpeg,1280,620
Brad-Pitt,402,181,234,259,Dinner_scene_Trimmed_3_924.jpeg,1280,620
Brad-Pitt,404,176,228,266,Dinner_scene_Trimmed_3_925.jpeg,1280,620
Brad-Pitt,403,160,238,278,Dinner_scene_Trimmed_3_926.jpeg,1280,620
Brad-Pitt,397,183,247,274,Dinner_scene_Trimmed_3_927.jpeg,1280,620
Brad-Pitt,398,180,249,285,Dinner_scene_Trimmed_3_928.jpeg,1280,620
Brad-Pitt,401,180,244,284,Dinner_scene_Trimmed_3_929.jpeg,1280,620
Brad-Pitt,398,180,250,297,Dinner_scene_Trimmed_3_930.jpeg,1280,620
Brad-Pitt,405,176,239,300,Dinner_scene_Trimmed_3_931.jpeg,1280,620
Brad-Pitt,401,181,242,295,Dinner_scene_Trimmed_3_932.jpeg,1280,620
Brad-Pitt,400,183,244,292,Dinner_scene_Trimmed_3_933.jpeg,1280,620
Brad-Pitt,402,170,245,308,Dinner_scene_Trimmed_3_934.jpeg,1280,620
Brad-Pitt,395,186,249,292,Dinner_scene_Trimmed_3_935.jpeg,1280,620
Brad-Pitt,397,191,244,292,Dinner_scene_Trimmed_3_936.jpeg,1280,620
Brad-Pitt,403,184,236,294,Dinner_scene_Trimmed_3_937.jpeg,1280,620
Brad-Pitt,394,183,248,292,Dinner_scene_Trimmed_3_938.jpeg,1280,620
Brad-Pitt,399,184,242,295,Dinner_scene_Trimmed_3_939.jpeg,1280,620
Brad-Pitt,396,181,242,293,Dinner_scene_Trimmed_3_940.jpeg,1280,620
Brad-Pitt,398,174,245,303,Dinner_scene_Trimmed_3_941.jpeg,1280,620
Brad-Pitt,397,181,244,298,Dinner_scene_Trimmed_3_942.jpeg,1280,620
Brad-Pitt,396,167,244,299,Dinner_scene_Trimmed_3_943.jpeg,1280,620
Brad-Pitt,398,185,244,290,Dinner_scene_Trimmed_3_944.jpeg,1280,620
Brad-Pitt,398,176,243,299,Dinner_scene_Trimmed_3_945.jpeg,1280,620
Brad-Pitt,388,171,258,302,Dinner_scene_Trimmed_3_946.jpeg,1280,620
Brad-Pitt,390,184,251,289,Dinner_scene_Trimmed_3_947.jpeg,1280,620
Brad-Pitt,396,174,246,296,Dinner_scene_Trimmed_3_948.jpeg,1280,620
Brad-Pitt,394,173,246,294,Dinner_scene_Trimmed_3_949.jpeg,1280,620
Brad-Pitt,392,192,244,270,Dinner_scene_Trimmed_3_950.jpeg,1280,620
Brad-Pitt,398,185,241,284,Dinner_scene_Trimmed_3_951.jpeg,1280,620
Brad-Pitt,399,186,241,275,Dinner_scene_Trimmed_3_952.jpeg,1280,620
Brad-Pitt,401,183,238,279,Dinner_scene_Trimmed_3_953.jpeg,1280,620
Brad-Pitt,397,184,244,281,Dinner_scene_Trimmed_3_954.jpeg,1280,620
Brad-Pitt,395,201,244,255,Dinner_scene_Trimmed_3_955.jpeg,1280,620
Brad-Pitt,393,192,244,267,Dinner_scene_Trimmed_3_956.jpeg,1280,620
Brad-Pitt,395,193,242,246,Dinner_scene_Trimmed_3_957.jpeg,1280,620
Brad-Pitt,398,179,238,278,Dinner_scene_Trimmed_3_958.jpeg,1280,620
Brad-Pitt,397,182,243,279,Dinner_scene_Trimmed_3_959.jpeg,1280,620
Brad-Pitt,395,181,239,275,Dinner_scene_Trimmed_3_960.jpeg,1280,620
Brad-Pitt,397,182,244,275,Dinner_scene_Trimmed_3_961.jpeg,1280,620
Brad-Pitt,393,180,247,273,Dinner_scene_Trimmed_3_962.jpeg,1280,620
Brad-Pitt,388,187,256,264,Dinner_scene_Trimmed_3_963.jpeg,1280,620
Brad-Pitt,395,187,243,261,Dinner_scene_Trimmed_3_964.jpeg,1280,620
Brad-Pitt,399,179,235,279,Dinner_scene_Trimmed_3_965.jpeg,1280,620
Brad-Pitt,389,198,250,249,Dinner_scene_Trimmed_3_966.jpeg,1280,620
Brad-Pitt,391,188,246,263,Dinner_scene_Trimmed_3_967.jpeg,1280,620
Brad-Pitt,402,182,233,265,Dinner_scene_Trimmed_3_968.jpeg,1280,620
Brad-Pitt,385,182,254,262,Dinner_scene_Trimmed_3_969.jpeg,1280,620
Brad-Pitt,378,180,262,269,Dinner_scene_Trimmed_3_970.jpeg,1280,620
Brad-Pitt,391,187,246,257,Dinner_scene_Trimmed_3_971.jpeg,1280,620
Brad-Pitt,385,183,252,260,Dinner_scene_Trimmed_3_972.jpeg,1280,620
Brad-Pitt,390,194,249,257,Dinner_scene_Trimmed_3_973.jpeg,1280,620
Brad-Pitt,393,188,244,260,Dinner_scene_Trimmed_3_974.jpeg,1280,620
Brad-Pitt,392,189,246,251,Dinner_scene_Trimmed_3_975.jpeg,1280,620
Brad-Pitt,401,185,235,262,Dinner_scene_Trimmed_3_976.jpeg,1280,620
Brad-Pitt,385,188,252,260,Dinner_scene_Trimmed_3_977.jpeg,1280,620
Brad-Pitt,388,180,254,271,Dinner_scene_Trimmed_3_978.jpeg,1280,620
Brad-Pitt,382,184,251,266,Dinner_scene_Trimmed_3_979.jpeg,1280,620
Brad-Pitt,391,200,230,247,Dinner_scene_Trimmed_3_980.jpeg,1280,620
Brad-Pitt,390,191,246,257,Dinner_scene_Trimmed_3_981.jpeg,1280,620
Brad-Pitt,397,182,239,270,Dinner_scene_Trimmed_3_982.jpeg,1280,620
Brad-Pitt,400,172,233,281,Dinner_scene_Trimmed_3_983.jpeg,1280,620
Brad-Pitt,390,192,239,267,Dinner_scene_Trimmed_3_984.jpeg,1280,620
Brad-Pitt,395,196,234,258,Dinner_scene_Trimmed_3_985.jpeg,1280,620
Brad-Pitt,390,183,242,283,Dinner_scene_Trimmed_3_986.jpeg,1280,620
Brad-Pitt,393,182,238,270,Dinner_scene_Trimmed_3_987.jpeg,1280,620
Brad-Pitt,394,184,236,277,Dinner_scene_Trimmed_3_988.jpeg,1280,620
Brad-Pitt,391,191,242,281,Dinner_scene_Trimmed_3_989.jpeg,1280,620
Brad-Pitt,386,182,243,288,Dinner_scene_Trimmed_3_990.jpeg,1280,620
Brad-Pitt,393,207,234,266,Dinner_scene_Trimmed_3_991.jpeg,1280,620
Brad-Pitt,383,195,241,281,Dinner_scene_Trimmed_3_992.jpeg,1280,620
Brad-Pitt,385,191,248,279,Dinner_scene_Trimmed_3_993.jpeg,1280,620
Brad-Pitt,388,193,242,266,Dinner_scene_Trimmed_3_994.jpeg,1280,620
Brad-Pitt,394,203,236,259,Dinner_scene_Trimmed_3_995.jpeg,1280,620
Brad-Pitt,388,197,243,269,Dinner_scene_Trimmed_3_996.jpeg,1280,620
Brad-Pitt,392,189,239,269,Dinner_scene_Trimmed_3_997.jpeg,1280,620
Brad-Pitt,393,177,234,266,Dinner_scene_Trimmed_3_998.jpeg,1280,620
Brad-Pitt,389,177,244,259,Dinner_scene_Trimmed_3_999.jpeg,1280,620
Brad-Pitt,457,112,275,263,Dinner_scene_Trimmed_3_431.jpeg,1280,620
Brad-Pitt,453,109,276,266,Dinner_scene_Trimmed_3_432.jpeg,1280,620
Brad-Pitt,453,121,284,273,Dinner_scene_Trimmed_3_433.jpeg,1280,620
Brad-Pitt,435,115,303,282,Dinner_scene_Trimmed_3_434.jpeg,1280,620
Brad-Pitt,447,117,293,299,Dinner_scene_Trimmed_3_435.jpeg,1280,620
Brad-Pitt,441,152,288,267,Dinner_scene_Trimmed_3_436.jpeg,1280,620
Brad-Pitt,439,159,285,264,Dinner_scene_Trimmed_3_437.jpeg,1280,620
Brad-Pitt,438,179,281,254,Dinner_scene_Trimmed_3_438.jpeg,1280,620
Brad-Pitt,441,121,297,320,Dinner_scene_Trimmed_3_439.jpeg,1280,620
Brad-Pitt,418,112,326,334,Dinner_scene_Trimmed_3_440.jpeg,1280,620
Brad-Pitt,427,135,308,322,Dinner_scene_Trimmed_3_441.jpeg,1280,620
Brad-Pitt,403,135,343,346,Dinner_scene_Trimmed_3_442.jpeg,1280,620
Brad-Pitt,417,158,317,308,Dinner_scene_Trimmed_3_443.jpeg,1280,620
Brad-Pitt,424,156,315,297,Dinner_scene_Trimmed_3_444.jpeg,1280,620
Brad-Pitt,421,152,315,314,Dinner_scene_Trimmed_3_445.jpeg,1280,620
Brad-Pitt,417,158,312,317,Dinner_scene_Trimmed_3_446.jpeg,1280,620
Brad-Pitt,414,152,328,340,Dinner_scene_Trimmed_3_447.jpeg,1280,620
Brad-Pitt,433,145,285,320,Dinner_scene_Trimmed_3_448.jpeg,1280,620
Brad-Pitt,435,186,287,293,Dinner_scene_Trimmed_3_449.jpeg,1280,620
Brad-Pitt,417,164,314,318,Dinner_scene_Trimmed_3_450.jpeg,1280,620
Brad-Pitt,436,200,273,288,Dinner_scene_Trimmed_3_451.jpeg,1280,620
Brad-Pitt,447,200,272,284,Dinner_scene_Trimmed_3_452.jpeg,1280,620
Brad-Pitt,426,167,296,322,Dinner_scene_Trimmed_3_453.jpeg,1280,620
Brad-Pitt,421,177,309,306,Dinner_scene_Trimmed_3_454.jpeg,1280,620
Brad-Pitt,418,183,300,306,Dinner_scene_Trimmed_3_455.jpeg,1280,620
Brad-Pitt,423,182,303,311,Dinner_scene_Trimmed_3_456.jpeg,1280,620
Brad-Pitt,417,185,303,305,Dinner_scene_Trimmed_3_457.jpeg,1280,620
Brad-Pitt,409,189,312,300,Dinner_scene_Trimmed_3_458.jpeg,1280,620
Brad-Pitt,412,183,315,311,Dinner_scene_Trimmed_3_459.jpeg,1280,620
Brad-Pitt,418,182,296,303,Dinner_scene_Trimmed_3_460.jpeg,1280,620
Brad-Pitt,429,206,285,284,Dinner_scene_Trimmed_3_461.jpeg,1280,620
Brad-Pitt,420,213,285,290,Dinner_scene_Trimmed_3_462.jpeg,1280,620
Brad-Pitt,436,204,276,284,Dinner_scene_Trimmed_3_463.jpeg,1280,620
Brad-Pitt,436,188,272,299,Dinner_scene_Trimmed_3_464.jpeg,1280,620
Brad-Pitt,442,191,270,303,Dinner_scene_Trimmed_3_465.jpeg,1280,620
Brad-Pitt,426,182,296,305,Dinner_scene_Trimmed_3_466.jpeg,1280,620
Brad-Pitt,415,183,291,315,Dinner_scene_Trimmed_3_467.jpeg,1280,620
Brad-Pitt,433,194,275,291,Dinner_scene_Trimmed_3_468.jpeg,1280,620
Brad-Pitt,429,195,272,306,Dinner_scene_Trimmed_3_469.jpeg,1280,620
Brad-Pitt,429,204,272,282,Dinner_scene_Trimmed_3_470.jpeg,1280,620
Brad-Pitt,426,206,275,297,Dinner_scene_Trimmed_3_471.jpeg,1280,620
Brad-Pitt,432,209,276,285,Dinner_scene_Trimmed_3_472.jpeg,1280,620
Brad-Pitt,411,212,302,302,Dinner_scene_Trimmed_3_473.jpeg,1280,620
Brad-Pitt,423,206,291,300,Dinner_scene_Trimmed_3_474.jpeg,1280,620
Brad-Pitt,397,207,300,300,Dinner_scene_Trimmed_3_475.jpeg,1280,620
Brad-Pitt,429,191,270,303,Dinner_scene_Trimmed_3_476.jpeg,1280,620
Brad-Pitt,423,192,288,302,Dinner_scene_Trimmed_3_477.jpeg,1280,620
Brad-Pitt,429,177,267,320,Dinner_scene_Trimmed_3_478.jpeg,1280,620
Brad-Pitt,417,200,278,297,Dinner_scene_Trimmed_3_479.jpeg,1280,620
Brad-Pitt,409,182,293,317,Dinner_scene_Trimmed_3_480.jpeg,1280,620
Brad-Pitt,411,182,291,326,Dinner_scene_Trimmed_3_481.jpeg,1280,620
Brad-Pitt,400,176,309,312,Dinner_scene_Trimmed_3_482.jpeg,1280,620
Brad-Pitt,398,188,294,297,Dinner_scene_Trimmed_3_483.jpeg,1280,620
Brad-Pitt,405,191,285,311,Dinner_scene_Trimmed_3_484.jpeg,1280,620
Brad-Pitt,400,206,299,284,Dinner_scene_Trimmed_3_485.jpeg,1280,620
Brad-Pitt,398,212,300,282,Dinner_scene_Trimmed_3_486.jpeg,1280,620
Brad-Pitt,406,209,299,287,Dinner_scene_Trimmed_3_487.jpeg,1280,620
Brad-Pitt,403,212,297,284,Dinner_scene_Trimmed_3_488.jpeg,1280,620
Brad-Pitt,405,188,297,302,Dinner_scene_Trimmed_3_489.jpeg,1280,620
Brad-Pitt,406,207,291,294,Dinner_scene_Trimmed_3_490.jpeg,1280,620
Brad-Pitt,405,194,294,308,Dinner_scene_Trimmed_3_491.jpeg,1280,620
Brad-Pitt,395,212,299,294,Dinner_scene_Trimmed_3_492.jpeg,1280,620
Brad-Pitt,400,200,302,303,Dinner_scene_Trimmed_3_493.jpeg,1280,620
Brad-Pitt,398,201,308,294,Dinner_scene_Trimmed_3_494.jpeg,1280,620
Brad-Pitt,394,194,305,306,Dinner_scene_Trimmed_3_495.jpeg,1280,620
Brad-Pitt,400,224,294,267,Dinner_scene_Trimmed_3_496.jpeg,1280,620
Brad-Pitt,398,197,300,294,Dinner_scene_Trimmed_3_497.jpeg,1280,620
Brad-Pitt,386,200,320,308,Dinner_scene_Trimmed_3_498.jpeg,1280,620
Angelina-Jolie,761,224,243,211,Dinner_scene_Trimmed_3_499.jpeg,1280,620
Angelina-Jolie,768,212,228,228,Dinner_scene_Trimmed_3_500.jpeg,1280,620
Angelina-Jolie,776,230,199,205,Dinner_scene_Trimmed_3_501.jpeg,1280,620
Angelina-Jolie,773,225,232,216,Dinner_scene_Trimmed_3_502.jpeg,1280,620
Angelina-Jolie,771,224,220,219,Dinner_scene_Trimmed_3_503.jpeg,1280,620
Angelina-Jolie,755,213,242,234,Dinner_scene_Trimmed_3_504.jpeg,1280,620
Angelina-Jolie,773,235,219,219,Dinner_scene_Trimmed_3_505.jpeg,1280,620
Angelina-Jolie,779,239,211,214,Dinner_scene_Trimmed_3_506.jpeg,1280,620
Angelina-Jolie,771,235,219,219,Dinner_scene_Trimmed_3_507.jpeg,1280,620
Angelina-Jolie,771,247,217,207,Dinner_scene_Trimmed_3_508.jpeg,1280,620
Angelina-Jolie,783,242,201,210,Dinner_scene_Trimmed_3_509.jpeg,1280,620
Angelina-Jolie,791,250,220,190,Dinner_scene_Trimmed_3_510.jpeg,1280,620
Angelina-Jolie,791,242,204,204,Dinner_scene_Trimmed_3_511.jpeg,1280,620
Angelina-Jolie,783,230,235,222,Dinner_scene_Trimmed_3_512.jpeg,1280,620
Angelina-Jolie,786,248,228,216,Dinner_scene_Trimmed_3_513.jpeg,1280,620
Angelina-Jolie,791,247,213,216,Dinner_scene_Trimmed_3_514.jpeg,1280,620
Angelina-Jolie,786,244,234,225,Dinner_scene_Trimmed_3_515.jpeg,1280,620
Angelina-Jolie,785,247,225,211,Dinner_scene_Trimmed_3_516.jpeg,1280,620
Angelina-Jolie,791,265,217,198,Dinner_scene_Trimmed_3_517.jpeg,1280,620
Angelina-Jolie,806,242,216,214,Dinner_scene_Trimmed_3_518.jpeg,1280,620
Angelina-Jolie,791,272,214,195,Dinner_scene_Trimmed_3_519.jpeg,1280,620
Angelina-Jolie,809,256,205,204,Dinner_scene_Trimmed_3_520.jpeg,1280,620
Angelina-Jolie,808,266,205,201,Dinner_scene_Trimmed_3_521.jpeg,1280,620
Angelina-Jolie,805,280,205,190,Dinner_scene_Trimmed_3_522.jpeg,1280,620
Angelina-Jolie,803,269,220,205,Dinner_scene_Trimmed_3_523.jpeg,1280,620
Angelina-Jolie,802,253,213,223,Dinner_scene_Trimmed_3_524.jpeg,1280,620
Angelina-Jolie,797,271,220,205,Dinner_scene_Trimmed_3_525.jpeg,1280,620
Angelina-Jolie,811,262,196,204,Dinner_scene_Trimmed_3_526.jpeg,1280,620
Angelina-Jolie,800,256,205,210,Dinner_scene_Trimmed_3_527.jpeg,1280,620
Angelina-Jolie,809,248,211,213,Dinner_scene_Trimmed_3_528.jpeg,1280,620
Angelina-Jolie,795,250,225,222,Dinner_scene_Trimmed_3_529.jpeg,1280,620
Angelina-Jolie,821,257,204,220,Dinner_scene_Trimmed_3_530.jpeg,1280,620
Angelina-Jolie,815,260,205,205,Dinner_scene_Trimmed_3_531.jpeg,1280,620
Angelina-Jolie,818,269,180,202,Dinner_scene_Trimmed_3_532.jpeg,1280,620
Angelina-Jolie,809,269,204,207,Dinner_scene_Trimmed_3_533.jpeg,1280,620
Angelina-Jolie,803,262,214,208,Dinner_scene_Trimmed_3_534.jpeg,1280,620
Angelina-Jolie,815,263,199,195,Dinner_scene_Trimmed_3_535.jpeg,1280,620
Angelina-Jolie,797,269,235,196,Dinner_scene_Trimmed_3_536.jpeg,1280,620
Angelina-Jolie,809,265,211,213,Dinner_scene_Trimmed_3_537.jpeg,1280,620
Angelina-Jolie,817,239,198,217,Dinner_scene_Trimmed_3_538.jpeg,1280,620
Angelina-Jolie,821,262,199,205,Dinner_scene_Trimmed_3_539.jpeg,1280,620
Angelina-Jolie,817,266,187,205,Dinner_scene_Trimmed_3_540.jpeg,1280,620
Angelina-Jolie,815,250,217,208,Dinner_scene_Trimmed_3_541.jpeg,1280,620
Angelina-Jolie,818,233,217,240,Dinner_scene_Trimmed_3_542.jpeg,1280,620
Angelina-Jolie,821,260,199,213,Dinner_scene_Trimmed_3_543.jpeg,1280,620
Angelina-Jolie,820,265,211,189,Dinner_scene_Trimmed_3_544.jpeg,1280,620
Angelina-Jolie,821,260,190,211,Dinner_scene_Trimmed_3_545.jpeg,1280,620
Angelina-Jolie,817,260,208,205,Dinner_scene_Trimmed_3_546.jpeg,1280,620
Angelina-Jolie,821,259,202,210,Dinner_scene_Trimmed_3_547.jpeg,1280,620
Angelina-Jolie,826,257,201,219,Dinner_scene_Trimmed_3_548.jpeg,1280,620
Angelina-Jolie,823,236,213,222,Dinner_scene_Trimmed_3_549.jpeg,1280,620
Angelina-Jolie,821,248,213,235,Dinner_scene_Trimmed_3_550.jpeg,1280,620
Angelina-Jolie,821,257,207,210,Dinner_scene_Trimmed_3_551.jpeg,1280,620
Angelina-Jolie,815,260,207,199,Dinner_scene_Trimmed_3_552.jpeg,1280,620
Angelina-Jolie,815,262,217,216,Dinner_scene_Trimmed_3_553.jpeg,1280,620
Angelina-Jolie,814,254,205,207,Dinner_scene_Trimmed_3_554.jpeg,1280,620
Angelina-Jolie,811,248,219,217,Dinner_scene_Trimmed_3_555.jpeg,1280,620
Angelina-Jolie,824,247,196,223,Dinner_scene_Trimmed_3_556.jpeg,1280,620
Angelina-Jolie,818,254,208,213,Dinner_scene_Trimmed_3_557.jpeg,1280,620
Angelina-Jolie,814,235,219,223,Dinner_scene_Trimmed_3_558.jpeg,1280,620
Angelina-Jolie,818,244,213,225,Dinner_scene_Trimmed_3_559.jpeg,1280,620
Angelina-Jolie,815,242,205,217,Dinner_scene_Trimmed_3_560.jpeg,1280,620
Angelina-Jolie,815,260,213,198,Dinner_scene_Trimmed_3_561.jpeg,1280,620
Angelina-Jolie,806,247,232,232,Dinner_scene_Trimmed_3_562.jpeg,1280,620
Angelina-Jolie,806,245,225,228,Dinner_scene_Trimmed_3_563.jpeg,1280,620
Angelina-Jolie,817,254,211,208,Dinner_scene_Trimmed_3_564.jpeg,1280,620
Angelina-Jolie,809,248,211,213,Dinner_scene_Trimmed_3_565.jpeg,1280,620
Angelina-Jolie,815,242,205,214,Dinner_scene_Trimmed_3_566.jpeg,1280,620
Angelina-Jolie,809,232,225,225,Dinner_scene_Trimmed_3_567.jpeg,1280,620
Angelina-Jolie,809,233,213,219,Dinner_scene_Trimmed_3_568.jpeg,1280,620
Angelina-Jolie,806,225,219,220,Dinner_scene_Trimmed_3_569.jpeg,1280,620
Angelina-Jolie,797,221,220,219,Dinner_scene_Trimmed_3_570.jpeg,1280,620
Angelina-Jolie,798,219,210,229,Dinner_scene_Trimmed_3_571.jpeg,1280,620
Angelina-Jolie,806,230,208,213,Dinner_scene_Trimmed_3_572.jpeg,1280,620
Brad-Pitt,421,212,273,302,Dinner_scene_Trimmed_3_573.jpeg,1280,620
Brad-Pitt,427,204,276,303,Dinner_scene_Trimmed_3_574.jpeg,1280,620
Brad-Pitt,423,207,284,293,Dinner_scene_Trimmed_3_575.jpeg,1280,620
Brad-Pitt,415,198,293,312,Dinner_scene_Trimmed_3_576.jpeg,1280,620
Brad-Pitt,435,209,278,296,Dinner_scene_Trimmed_3_577.jpeg,1280,620
Brad-Pitt,423,215,287,293,Dinner_scene_Trimmed_3_578.jpeg,1280,620
Brad-Pitt,421,189,291,325,Dinner_scene_Trimmed_3_579.jpeg,1280,620
Brad-Pitt,418,201,288,306,Dinner_scene_Trimmed_3_580.jpeg,1280,620
Brad-Pitt,405,197,308,312,Dinner_scene_Trimmed_3_581.jpeg,1280,620
Brad-Pitt,411,212,300,300,Dinner_scene_Trimmed_3_582.jpeg,1280,620
Brad-Pitt,421,230,279,276,Dinner_scene_Trimmed_3_583.jpeg,1280,620
Brad-Pitt,417,218,296,297,Dinner_scene_Trimmed_3_584.jpeg,1280,620
Brad-Pitt,424,230,276,263,Dinner_scene_Trimmed_3_585.jpeg,1280,620
Brad-Pitt,420,227,279,269,Dinner_scene_Trimmed_3_586.jpeg,1280,620
Brad-Pitt,418,206,282,296,Dinner_scene_Trimmed_3_587.jpeg,1280,620
Brad-Pitt,423,206,282,290,Dinner_scene_Trimmed_3_588.jpeg,1280,620
Brad-Pitt,420,206,299,308,Dinner_scene_Trimmed_3_589.jpeg,1280,620
Brad-Pitt,429,210,278,297,Dinner_scene_Trimmed_3_590.jpeg,1280,620
Brad-Pitt,430,201,279,303,Dinner_scene_Trimmed_3_591.jpeg,1280,620
Brad-Pitt,420,200,284,308,Dinner_scene_Trimmed_3_592.jpeg,1280,620
Brad-Pitt,429,203,293,302,Dinner_scene_Trimmed_3_593.jpeg,1280,620
Brad-Pitt,423,204,299,302,Dinner_scene_Trimmed_3_594.jpeg,1280,620
Brad-Pitt,433,200,296,305,Dinner_scene_Trimmed_3_595.jpeg,1280,620
Brad-Pitt,433,201,291,296,Dinner_scene_Trimmed_3_596.jpeg,1280,620
Brad-Pitt,430,204,296,312,Dinner_scene_Trimmed_3_597.jpeg,1280,620
Brad-Pitt,841,364,2,0,Dinner_scene_Trimmed_3_597.jpeg,1280,620
Brad-Pitt,433,204,291,300,Dinner_scene_Trimmed_3_598.jpeg,1280,620
Brad-Pitt,435,201,284,306,Dinner_scene_Trimmed_3_599.jpeg,1280,620
Brad-Pitt,436,194,278,302,Dinner_scene_Trimmed_3_600.jpeg,1280,620
Brad-Pitt,451,200,279,300,Dinner_scene_Trimmed_3_601.jpeg,1280,620
Brad-Pitt,445,188,282,311,Dinner_scene_Trimmed_3_602.jpeg,1280,620
Brad-Pitt,435,200,308,299,Dinner_scene_Trimmed_3_603.jpeg,1280,620
Brad-Pitt,448,210,276,278,Dinner_scene_Trimmed_3_604.jpeg,1280,620
Brad-Pitt,444,191,296,297,Dinner_scene_Trimmed_3_605.jpeg,1280,620
Brad-Pitt,439,191,284,290,Dinner_scene_Trimmed_3_606.jpeg,1280,620
Brad-Pitt,450,197,273,285,Dinner_scene_Trimmed_3_607.jpeg,1280,620
Brad-Pitt,451,195,270,287,Dinner_scene_Trimmed_3_608.jpeg,1280,620
Brad-Pitt,445,191,279,297,Dinner_scene_Trimmed_3_609.jpeg,1280,620
Brad-Pitt,442,195,278,293,Dinner_scene_Trimmed_3_610.jpeg,1280,620
Brad-Pitt,447,189,282,291,Dinner_scene_Trimmed_3_611.jpeg,1280,620
Brad-Pitt,447,185,266,293,Dinner_scene_Trimmed_3_612.jpeg,1280,620
Brad-Pitt,447,186,275,308,Dinner_scene_Trimmed_3_613.jpeg,1280,620
Brad-Pitt,435,191,270,279,Dinner_scene_Trimmed_3_614.jpeg,1280,620
Brad-Pitt,438,188,272,290,Dinner_scene_Trimmed_3_615.jpeg,1280,620
Brad-Pitt,829,263,2,0,Dinner_scene_Trimmed_3_615.jpeg,1280,620
Brad-Pitt,421,183,273,294,Dinner_scene_Trimmed_3_616.jpeg,1280,620
Brad-Pitt,415,186,284,285,Dinner_scene_Trimmed_3_617.jpeg,1280,620
Brad-Pitt,400,183,282,293,Dinner_scene_Trimmed_3_618.jpeg,1280,620
Brad-Pitt,392,200,266,260,Dinner_scene_Trimmed_3_619.jpeg,1280,620
Brad-Pitt,374,185,269,278,Dinner_scene_Trimmed_3_620.jpeg,1280,620
Brad-Pitt,373,188,273,270,Dinner_scene_Trimmed_3_621.jpeg,1280,620
Brad-Pitt,356,194,267,275,Dinner_scene_Trimmed_3_622.jpeg,1280,620
Brad-Pitt,343,188,266,279,Dinner_scene_Trimmed_3_623.jpeg,1280,620
Brad-Pitt,328,188,246,269,Dinner_scene_Trimmed_3_624.jpeg,1280,620
Brad-Pitt,322,179,266,279,Dinner_scene_Trimmed_3_625.jpeg,1280,620
Brad-Pitt,308,179,275,275,Dinner_scene_Trimmed_3_626.jpeg,1280,620
Brad-Pitt,315,176,257,278,Dinner_scene_Trimmed_3_627.jpeg,1280,620
Brad-Pitt,281,173,251,275,Dinner_scene_Trimmed_3_628.jpeg,1280,620
Brad-Pitt,273,167,267,290,Dinner_scene_Trimmed_3_629.jpeg,1280,620
Brad-Pitt,267,177,288,263,Dinner_scene_Trimmed_3_630.jpeg,1280,620
Brad-Pitt,249,173,296,270,Dinner_scene_Trimmed_3_631.jpeg,1280,620
Brad-Pitt,249,170,266,275,Dinner_scene_Trimmed_3_632.jpeg,1280,620
Brad-Pitt,242,159,273,288,Dinner_scene_Trimmed_3_633.jpeg,1280,620
Brad-Pitt,243,152,282,293,Dinner_scene_Trimmed_3_634.jpeg,1280,620
Brad-Pitt,238,161,291,293,Dinner_scene_Trimmed_3_635.jpeg,1280,620
Brad-Pitt,251,161,276,293,Dinner_scene_Trimmed_3_636.jpeg,1280,620
Brad-Pitt,223,153,325,300,Dinner_scene_Trimmed_3_637.jpeg,1280,620
Brad-Pitt,258,152,270,303,Dinner_scene_Trimmed_3_638.jpeg,1280,620
Brad-Pitt,261,152,273,296,Dinner_scene_Trimmed_3_639.jpeg,1280,620
Brad-Pitt,258,142,278,317,Dinner_scene_Trimmed_3_640.jpeg,1280,620
Brad-Pitt,260,148,276,299,Dinner_scene_Trimmed_3_641.jpeg,1280,620
Brad-Pitt,275,139,279,309,Dinner_scene_Trimmed_3_642.jpeg,1280,620
Brad-Pitt,266,121,293,349,Dinner_scene_Trimmed_3_643.jpeg,1280,620
Brad-Pitt,284,152,276,302,Dinner_scene_Trimmed_3_644.jpeg,1280,620
Brad-Pitt,284,130,260,305,Dinner_scene_Trimmed_3_645.jpeg,1280,620
Brad-Pitt,293,141,270,293,Dinner_scene_Trimmed_3_646.jpeg,1280,620
Brad-Pitt,287,144,273,294,Dinner_scene_Trimmed_3_647.jpeg,1280,620
Brad-Pitt,297,148,254,299,Dinner_scene_Trimmed_3_648.jpeg,1280,620
Brad-Pitt,296,144,273,305,Dinner_scene_Trimmed_3_649.jpeg,1280,620
Brad-Pitt,290,138,276,311,Dinner_scene_Trimmed_3_650.jpeg,1280,620
Brad-Pitt,287,145,288,308,Dinner_scene_Trimmed_3_651.jpeg,1280,620
Brad-Pitt,290,141,284,300,Dinner_scene_Trimmed_3_652.jpeg,1280,620
Brad-Pitt,293,139,287,303,Dinner_scene_Trimmed_3_653.jpeg,1280,620
Brad-Pitt,296,155,290,285,Dinner_scene_Trimmed_3_654.jpeg,1280,620
Brad-Pitt,296,153,279,279,Dinner_scene_Trimmed_3_655.jpeg,1280,620
Brad-Pitt,285,136,276,299,Dinner_scene_Trimmed_3_656.jpeg,1280,620
Brad-Pitt,284,152,284,278,Dinner_scene_Trimmed_3_657.jpeg,1280,620
Brad-Pitt,273,156,282,273,Dinner_scene_Trimmed_3_658.jpeg,1280,620
Brad-Pitt,278,139,266,299,Dinner_scene_Trimmed_3_659.jpeg,1280,620
Brad-Pitt,267,144,264,291,Dinner_scene_Trimmed_3_660.jpeg,1280,620
Brad-Pitt,255,139,290,302,Dinner_scene_Trimmed_3_661.jpeg,1280,620
Brad-Pitt,235,152,291,290,Dinner_scene_Trimmed_3_662.jpeg,1280,620
Brad-Pitt,251,145,296,299,Dinner_scene_Trimmed_3_663.jpeg,1280,620
Brad-Pitt,228,123,297,294,Dinner_scene_Trimmed_3_664.jpeg,1280,620
Brad-Pitt,249,139,291,296,Dinner_scene_Trimmed_3_665.jpeg,1280,620
Brad-Pitt,251,136,285,320,Dinner_scene_Trimmed_3_666.jpeg,1280,620
Brad-Pitt,246,136,288,279,Dinner_scene_Trimmed_3_667.jpeg,1280,620
Brad-Pitt,246,138,291,273,Dinner_scene_Trimmed_3_668.jpeg,1280,620
Brad-Pitt,254,133,261,266,Dinner_scene_Trimmed_3_669.jpeg,1280,620
Brad-Pitt,246,114,299,302,Dinner_scene_Trimmed_3_670.jpeg,1280,620
Brad-Pitt,248,155,284,245,Dinner_scene_Trimmed_3_671.jpeg,1280,620
Brad-Pitt,249,159,294,257,Dinner_scene_Trimmed_3_672.jpeg,1280,620
Brad-Pitt,252,132,291,297,Dinner_scene_Trimmed_3_673.jpeg,1280,620
Brad-Pitt,245,145,281,266,Dinner_scene_Trimmed_3_674.jpeg,1280,620
Brad-Pitt,251,152,264,260,Dinner_scene_Trimmed_3_675.jpeg,1280,620
Brad-Pitt,246,156,269,264,Dinner_scene_Trimmed_3_676.jpeg,1280,620
Brad-Pitt,257,147,255,264,Dinner_scene_Trimmed_3_677.jpeg,1280,620
Brad-Pitt,267,141,252,270,Dinner_scene_Trimmed_3_678.jpeg,1280,620
Brad-Pitt,264,161,249,264,Dinner_scene_Trimmed_3_679.jpeg,1280,620
Brad-Pitt,246,176,264,264,Dinner_scene_Trimmed_3_680.jpeg,1280,620
Brad-Pitt,237,152,296,278,Dinner_scene_Trimmed_3_681.jpeg,1280,620
Brad-Pitt,248,152,290,296,Dinner_scene_Trimmed_3_682.jpeg,1280,620
Brad-Pitt,245,136,275,312,Dinner_scene_Trimmed_3_683.jpeg,1280,620
Brad-Pitt,264,148,254,306,Dinner_scene_Trimmed_3_684.jpeg,1280,620
Brad-Pitt,242,133,272,314,Dinner_scene_Trimmed_3_685.jpeg,1280,620
Brad-Pitt,252,155,249,285,Dinner_scene_Trimmed_3_686.jpeg,1280,620
Brad-Pitt,231,158,290,287,Dinner_scene_Trimmed_3_687.jpeg,1280,620
Brad-Pitt,242,150,266,279,Dinner_scene_Trimmed_3_688.jpeg,1280,620
Brad-Pitt,222,153,267,269,Dinner_scene_Trimmed_3_689.jpeg,1280,620
Brad-Pitt,237,164,251,267,Dinner_scene_Trimmed_3_690.jpeg,1280,620
Brad-Pitt,225,170,258,258,Dinner_scene_Trimmed_3_691.jpeg,1280,620
Brad-Pitt,213,167,269,269,Dinner_scene_Trimmed_3_692.jpeg,1280,620
Brad-Pitt,223,174,254,246,Dinner_scene_Trimmed_3_693.jpeg,1280,620
Brad-Pitt,226,174,249,240,Dinner_scene_Trimmed_3_694.jpeg,1280,620
Brad-Pitt,213,179,272,263,Dinner_scene_Trimmed_3_695.jpeg,1280,620
Brad-Pitt,219,176,261,275,Dinner_scene_Trimmed_3_696.jpeg,1280,620
Brad-Pitt,211,177,267,275,Dinner_scene_Trimmed_3_697.jpeg,1280,620
Brad-Pitt,214,165,281,306,Dinner_scene_Trimmed_3_698.jpeg,1280,620
Brad-Pitt,211,162,291,302,Dinner_scene_Trimmed_3_699.jpeg,1280,620
Brad-Pitt,229,185,267,291,Dinner_scene_Trimmed_3_700.jpeg,1280,620
Brad-Pitt,214,188,282,290,Dinner_scene_Trimmed_3_701.jpeg,1280,620
Brad-Pitt,225,204,276,293,Dinner_scene_Trimmed_3_702.jpeg,1280,620
Brad-Pitt,223,197,264,294,Dinner_scene_Trimmed_3_703.jpeg,1280,620
Brad-Pitt,235,191,281,296,Dinner_scene_Trimmed_3_704.jpeg,1280,620
Brad-Pitt,249,200,252,296,Dinner_scene_Trimmed_3_705.jpeg,1280,620
Brad-Pitt,246,188,260,305,Dinner_scene_Trimmed_3_706.jpeg,1280,620
Brad-Pitt,255,194,264,287,Dinner_scene_Trimmed_3_707.jpeg,1280,620
Brad-Pitt,254,182,279,294,Dinner_scene_Trimmed_3_708.jpeg,1280,620
Brad-Pitt,273,170,261,297,Dinner_scene_Trimmed_3_709.jpeg,1280,620
Brad-Pitt,290,179,257,293,Dinner_scene_Trimmed_3_710.jpeg,1280,620
Brad-Pitt,287,188,263,278,Dinner_scene_Trimmed_3_711.jpeg,1280,620
Brad-Pitt,288,179,261,291,Dinner_scene_Trimmed_3_712.jpeg,1280,620
Brad-Pitt,288,168,267,285,Dinner_scene_Trimmed_3_713.jpeg,1280,620
Brad-Pitt,300,161,251,297,Dinner_scene_Trimmed_3_714.jpeg,1280,620
Brad-Pitt,291,167,258,299,Dinner_scene_Trimmed_3_715.jpeg,1280,620
Brad-Pitt,302,170,246,281,Dinner_scene_Trimmed_3_716.jpeg,1280,620
Brad-Pitt,281,156,251,303,Dinner_scene_Trimmed_3_717.jpeg,1280,620
Brad-Pitt,273,159,264,290,Dinner_scene_Trimmed_3_718.jpeg,1280,620
Brad-Pitt,282,173,258,284,Dinner_scene_Trimmed_3_719.jpeg,1280,620
Brad-Pitt,255,174,279,279,Dinner_scene_Trimmed_3_720.jpeg,1280,620
Brad-Pitt,258,189,281,290,Dinner_scene_Trimmed_3_721.jpeg,1280,620
Brad-Pitt,246,201,267,273,Dinner_scene_Trimmed_3_722.jpeg,1280,620
Brad-Pitt,243,179,269,309,Dinner_scene_Trimmed_3_723.jpeg,1280,620
Brad-Pitt,229,188,273,308,Dinner_scene_Trimmed_3_724.jpeg,1280,620
Brad-Pitt,234,167,267,308,Dinner_scene_Trimmed_3_725.jpeg,1280,620
Brad-Pitt,234,180,293,315,Dinner_scene_Trimmed_3_726.jpeg,1280,620
Brad-Pitt,235,182,266,293,Dinner_scene_Trimmed_3_727.jpeg,1280,620
Brad-Pitt,248,176,264,306,Dinner_scene_Trimmed_3_728.jpeg,1280,620
Brad-Pitt,257,191,287,260,Dinner_scene_Trimmed_3_729.jpeg,1280,620
Brad-Pitt,248,186,255,266,Dinner_scene_Trimmed_3_730.jpeg,1280,620
Brad-Pitt,245,176,278,299,Dinner_scene_Trimmed_3_731.jpeg,1280,620
Brad-Pitt,252,183,278,293,Dinner_scene_Trimmed_3_732.jpeg,1280,620
Brad-Pitt,242,158,305,311,Dinner_scene_Trimmed_3_733.jpeg,1280,620
Brad-Pitt,235,162,294,290,Dinner_scene_Trimmed_3_734.jpeg,1280,620
Brad-Pitt,242,158,282,284,Dinner_scene_Trimmed_3_735.jpeg,1280,620
Brad-Pitt,249,182,284,284,Dinner_scene_Trimmed_3_736.jpeg,1280,620
Angelina-Jolie,771,188,225,243,Dinner_scene_Trimmed_3_737.jpeg,1280,620
Angelina-Jolie,773,195,204,234,Dinner_scene_Trimmed_3_738.jpeg,1280,620
Angelina-Jolie,779,189,208,235,Dinner_scene_Trimmed_3_739.jpeg,1280,620
Angelina-Jolie,779,191,205,226,Dinner_scene_Trimmed_3_740.jpeg,1280,620
Angelina-Jolie,777,200,198,229,Dinner_scene_Trimmed_3_741.jpeg,1280,620
Angelina-Jolie,789,212,196,216,Dinner_scene_Trimmed_3_742.jpeg,1280,620
Angelina-Jolie,782,194,219,217,Dinner_scene_Trimmed_3_743.jpeg,1280,620
Angelina-Jolie,776,182,213,246,Dinner_scene_Trimmed_3_744.jpeg,1280,620
Angelina-Jolie,777,183,208,251,Dinner_scene_Trimmed_3_745.jpeg,1280,620
Angelina-Jolie,788,194,202,248,Dinner_scene_Trimmed_3_746.jpeg,1280,620
Angelina-Jolie,779,194,198,242,Dinner_scene_Trimmed_3_747.jpeg,1280,620
Angelina-Jolie,789,182,216,242,Dinner_scene_Trimmed_3_748.jpeg,1280,620
Angelina-Jolie,774,189,229,235,Dinner_scene_Trimmed_3_749.jpeg,1280,620
Angelina-Jolie,791,204,201,229,Dinner_scene_Trimmed_3_750.jpeg,1280,620
Angelina-Jolie,773,164,226,254,Dinner_scene_Trimmed_3_751.jpeg,1280,620
Angelina-Jolie,792,176,204,238,Dinner_scene_Trimmed_3_752.jpeg,1280,620
Angelina-Jolie,785,176,211,243,Dinner_scene_Trimmed_3_753.jpeg,1280,620
Angelina-Jolie,791,153,205,270,Dinner_scene_Trimmed_3_754.jpeg,1280,620
Angelina-Jolie,785,162,216,266,Dinner_scene_Trimmed_3_755.jpeg,1280,620
Angelina-Jolie,779,158,210,260,Dinner_scene_Trimmed_3_756.jpeg,1280,620
Angelina-Jolie,767,164,235,251,Dinner_scene_Trimmed_3_757.jpeg,1280,620
Angelina-Jolie,749,152,254,254,Dinner_scene_Trimmed_3_758.jpeg,1280,620
Angelina-Jolie,768,142,220,267,Dinner_scene_Trimmed_3_759.jpeg,1280,620
Angelina-Jolie,794,176,195,248,Dinner_scene_Trimmed_3_760.jpeg,1280,620
Angelina-Jolie,780,161,211,238,Dinner_scene_Trimmed_3_761.jpeg,1280,620
Angelina-Jolie,767,148,223,261,Dinner_scene_Trimmed_3_762.jpeg,1280,620
Angelina-Jolie,783,164,210,248,Dinner_scene_Trimmed_3_763.jpeg,1280,620
Angelina-Jolie,773,158,219,267,Dinner_scene_Trimmed_3_764.jpeg,1280,620
Angelina-Jolie,776,159,214,270,Dinner_scene_Trimmed_3_765.jpeg,1280,620
Angelina-Jolie,782,168,205,263,Dinner_scene_Trimmed_3_766.jpeg,1280,620
Angelina-Jolie,785,165,211,269,Dinner_scene_Trimmed_3_767.jpeg,1280,620
Angelina-Jolie,779,162,217,261,Dinner_scene_Trimmed_3_768.jpeg,1280,620
Angelina-Jolie,791,177,184,252,Dinner_scene_Trimmed_3_769.jpeg,1280,620
Angelina-Jolie,779,158,208,273,Dinner_scene_Trimmed_3_770.jpeg,1280,620