Scarlett-Johansson,441,161,159,251,Scarlett_Downey_video_1.jpeg,1280,720
Scarlett-Johansson,423,186,152,218,Scarlett_Downey_video_10.jpeg,1280,720
Robert-Downey-Junior,646,196,178,224,Scarlett_Downey_video_100.jpeg,1280,720
Robert-Downey-Junior,645,199,177,216,Scarlett_Downey_video_101.jpeg,1280,720
Robert-Downey-Junior,656,193,172,225,Scarlett_Downey_video_102.jpeg,1280,720
Robert-Downey-Junior,650,196,171,233,Scarlett_Downey_video_103.jpeg,1280,720
Robert-Downey-Junior,650,200,167,219,Scarlett_Downey_video_104.jpeg,1280,720
Robert-Downey-Junior,645,199,176,221,Scarlett_Downey_video_105.jpeg,1280,720
Robert-Downey-Junior,657,189,160,216,Scarlett_Downey_video_106.jpeg,1280,720
Robert-Downey-Junior,644,191,181,218,Scarlett_Downey_video_107.jpeg,1280,720
Robert-Downey-Junior,647,201,168,206,Scarlett_Downey_video_108.jpeg,1280,720
Robert-Downey-Junior,640,180,185,225,Scarlett_Downey_video_109.jpeg,1280,720
Scarlett-Johansson,412,175,160,233,Scarlett_Downey_video_11.jpeg,1280,720
Robert-Downey-Junior,643,185,188,225,Scarlett_Downey_video_110.jpeg,1280,720
Robert-Downey-Junior,654,174,170,258,Scarlett_Downey_video_111.jpeg,1280,720
Robert-Downey-Junior,645,186,186,239,Scarlett_Downey_video_112.jpeg,1280,720
Robert-Downey-Junior,643,181,181,234,Scarlett_Downey_video_113.jpeg,1280,720
Robert-Downey-Junior,648,180,181,235,Scarlett_Downey_video_114.jpeg,1280,720
Robert-Downey-Junior,645,196,189,225,Scarlett_Downey_video_115.jpeg,1280,720
Robert-Downey-Junior,639,184,197,242,Scarlett_Downey_video_116.jpeg,1280,720
Robert-Downey-Junior,640,182,196,243,Scarlett_Downey_video_117.jpeg,1280,720
Robert-Downey-Junior,642,181,196,239,Scarlett_Downey_video_118.jpeg,1280,720
Robert-Downey-Junior,655,173,171,254,Scarlett_Downey_video_119.jpeg,1280,720
Scarlett-Johansson,410,154,166,262,Scarlett_Downey_video_12.jpeg,1280,720
Robert-Downey-Junior,636,185,192,242,Scarlett_Downey_video_120.jpeg,1280,720
Robert-Downey-Junior,640,180,180,245,Scarlett_Downey_video_121.jpeg,1280,720
Robert-Downey-Junior,644,170,187,249,Scarlett_Downey_video_122.jpeg,1280,720
Robert-Downey-Junior,641,174,193,239,Scarlett_Downey_video_123.jpeg,1280,720
Robert-Downey-Junior,645,176,188,244,Scarlett_Downey_video_124.jpeg,1280,720
Robert-Downey-Junior,641,185,203,248,Scarlett_Downey_video_125.jpeg,1280,720
Robert-Downey-Junior,648,190,176,233,Scarlett_Downey_video_126.jpeg,1280,720
Robert-Downey-Junior,648,183,170,239,Scarlett_Downey_video_127.jpeg,1280,720
Robert-Downey-Junior,642,188,183,236,Scarlett_Downey_video_128.jpeg,1280,720
Robert-Downey-Junior,647,200,182,221,Scarlett_Downey_video_129.jpeg,1280,720
Scarlett-Johansson,386,144,191,264,Scarlett_Downey_video_13.jpeg,1280,720
Robert-Downey-Junior,646,190,182,235,Scarlett_Downey_video_130.jpeg,1280,720
Robert-Downey-Junior,650,188,185,229,Scarlett_Downey_video_131.jpeg,1280,720
Robert-Downey-Junior,647,192,183,230,Scarlett_Downey_video_132.jpeg,1280,720
Robert-Downey-Junior,646,191,179,236,Scarlett_Downey_video_133.jpeg,1280,720
Robert-Downey-Junior,646,186,180,240,Scarlett_Downey_video_134.jpeg,1280,720
Robert-Downey-Junior,640,190,190,235,Scarlett_Downey_video_135.jpeg,1280,720
Robert-Downey-Junior,643,184,182,237,Scarlett_Downey_video_136.jpeg,1280,720
Robert-Downey-Junior,644,195,191,212,Scarlett_Downey_video_137.jpeg,1280,720
Robert-Downey-Junior,649,191,178,232,Scarlett_Downey_video_138.jpeg,1280,720
Robert-Downey-Junior,634,189,195,235,Scarlett_Downey_video_139.jpeg,1280,720
Scarlett-Johansson,414,166,166,242,Scarlett_Downey_video_14.jpeg,1280,720
Robert-Downey-Junior,648,200,181,223,Scarlett_Downey_video_140.jpeg,1280,720
Robert-Downey-Junior,648,188,192,236,Scarlett_Downey_video_141.jpeg,1280,720
Robert-Downey-Junior,651,200,192,216,Scarlett_Downey_video_142.jpeg,1280,720
Robert-Downey-Junior,659,204,164,205,Scarlett_Downey_video_143.jpeg,1280,720
Robert-Downey-Junior,642,190,189,224,Scarlett_Downey_video_144.jpeg,1280,720
Robert-Downey-Junior,643,195,184,224,Scarlett_Downey_video_145.jpeg,1280,720
Scarlett-Johansson,426,201,202,276,Scarlett_Downey_video_146.jpeg,1280,720
Scarlett-Johansson,441,188,191,293,Scarlett_Downey_video_147.jpeg,1280,720
Scarlett-Johansson,425,175,206,293,Scarlett_Downey_video_148.jpeg,1280,720
Scarlett-Johansson,432,215,201,256,Scarlett_Downey_video_149.jpeg,1280,720
Scarlett-Johansson,408,173,190,234,Scarlett_Downey_video_15.jpeg,1280,720
Scarlett-Johansson,424,226,215,247,Scarlett_Downey_video_150.jpeg,1280,720
Scarlett-Johansson,430,224,223,265,Scarlett_Downey_video_151.jpeg,1280,720
Scarlett-Johansson,432,212,228,244,Scarlett_Downey_video_152.jpeg,1280,720
Scarlett-Johansson,426,202,220,283,Scarlett_Downey_video_153.jpeg,1280,720
Scarlett-Johansson,411,212,244,259,Scarlett_Downey_video_154.jpeg,1280,720
Scarlett-Johansson,415,183,229,291,Scarlett_Downey_video_155.jpeg,1280,720
Scarlett-Johansson,432,207,213,274,Scarlett_Downey_video_156.jpeg,1280,720
Scarlett-Johansson,425,204,221,264,Scarlett_Downey_video_157.jpeg,1280,720
Scarlett-Johansson,432,206,224,255,Scarlett_Downey_video_158.jpeg,1280,720
Scarlett-Johansson,434,198,206,282,Scarlett_Downey_video_159.jpeg,1280,720
Scarlett-Johansson,417,169,191,211,Scarlett_Downey_video_16.jpeg,1280,720
Scarlett-Johansson,432,189,216,298,Scarlett_Downey_video_160.jpeg,1280,720
Scarlett-Johansson,403,189,258,287,Scarlett_Downey_video_161.jpeg,1280,720
Scarlett-Johansson,430,205,211,279,Scarlett_Downey_video_162.jpeg,1280,720
Scarlett-Johansson,415,211,221,260,Scarlett_Downey_video_163.jpeg,1280,720
Scarlett-Johansson,434,212,194,269,Scarlett_Downey_video_164.jpeg,1280,720
Scarlett-Johansson,405,194,228,275,Scarlett_Downey_video_165.jpeg,1280,720
Scarlett-Johansson,429,201,209,264,Scarlett_Downey_video_166.jpeg,1280,720
Scarlett-Johansson,432,204,204,277,Scarlett_Downey_video_167.jpeg,1280,720
Scarlett-Johansson,431,210,215,272,Scarlett_Downey_video_168.jpeg,1280,720
Scarlett-Johansson,437,217,201,265,Scarlett_Downey_video_169.jpeg,1280,720
Scarlett-Johansson,409,162,180,234,Scarlett_Downey_video_17.jpeg,1280,720
Scarlett-Johansson,438,186,191,290,Scarlett_Downey_video_170.jpeg,1280,720
Scarlett-Johansson,431,190,216,296,Scarlett_Downey_video_171.jpeg,1280,720
Scarlett-Johansson,431,197,205,285,Scarlett_Downey_video_172.jpeg,1280,720
Scarlett-Johansson,418,211,216,274,Scarlett_Downey_video_173.jpeg,1280,720
Scarlett-Johansson,421,192,219,272,Scarlett_Downey_video_174.jpeg,1280,720
Scarlett-Johansson,417,202,218,263,Scarlett_Downey_video_175.jpeg,1280,720
Scarlett-Johansson,421,194,245,297,Scarlett_Downey_video_176.jpeg,1280,720
Scarlett-Johansson,434,184,210,295,Scarlett_Downey_video_177.jpeg,1280,720
Scarlett-Johansson,397,184,231,313,Scarlett_Downey_video_178.jpeg,1280,720
Scarlett-Johansson,407,197,211,265,Scarlett_Downey_video_179.jpeg,1280,720
Scarlett-Johansson,406,171,201,238,Scarlett_Downey_video_18.jpeg,1280,720
Scarlett-Johansson,425,193,223,284,Scarlett_Downey_video_180.jpeg,1280,720
Scarlett-Johansson,416,205,208,241,Scarlett_Downey_video_181.jpeg,1280,720
Scarlett-Johansson,414,206,249,288,Scarlett_Downey_video_182.jpeg,1280,720
Scarlett-Johansson,432,193,195,274,Scarlett_Downey_video_183.jpeg,1280,720
Scarlett-Johansson,410,201,214,256,Scarlett_Downey_video_184.jpeg,1280,720
Scarlett-Johansson,410,196,232,285,Scarlett_Downey_video_185.jpeg,1280,720
Scarlett-Johansson,430,215,206,245,Scarlett_Downey_video_186.jpeg,1280,720
Scarlett-Johansson,408,189,234,272,Scarlett_Downey_video_187.jpeg,1280,720
Scarlett-Johansson,434,209,205,278,Scarlett_Downey_video_188.jpeg,1280,720
Scarlett-Johansson,426,215,201,275,Scarlett_Downey_video_189.jpeg,1280,720
Scarlett-Johansson,417,159,179,239,Scarlett_Downey_video_19.jpeg,1280,720
Robert-Downey-Junior,579,195,186,247,Scarlett_Downey_video_190.jpeg,1280,720
Robert-Downey-Junior,545,198,235,242,Scarlett_Downey_video_191.jpeg,1280,720
Robert-Downey-Junior,548,185,238,259,Scarlett_Downey_video_192.jpeg,1280,720
Robert-Downey-Junior,560,197,220,243,Scarlett_Downey_video_193.jpeg,1280,720
Robert-Downey-Junior,566,201,226,245,Scarlett_Downey_video_194.jpeg,1280,720
Robert-Downey-Junior,571,189,226,249,Scarlett_Downey_video_195.jpeg,1280,720
Robert-Downey-Junior,566,200,232,235,Scarlett_Downey_video_196.jpeg,1280,720
Robert-Downey-Junior,559,220,237,218,Scarlett_Downey_video_197.jpeg,1280,720
Robert-Downey-Junior,564,196,224,244,Scarlett_Downey_video_198.jpeg,1280,720
Robert-Downey-Junior,551,210,237,228,Scarlett_Downey_video_199.jpeg,1280,720
Scarlett-Johansson,437,156,160,250,Scarlett_Downey_video_2.jpeg,1280,720
Scarlett-Johansson,427,167,176,246,Scarlett_Downey_video_20.jpeg,1280,720
Robert-Downey-Junior,563,218,221,221,Scarlett_Downey_video_200.jpeg,1280,720
Robert-Downey-Junior,558,191,240,242,Scarlett_Downey_video_201.jpeg,1280,720
Robert-Downey-Junior,569,203,223,216,Scarlett_Downey_video_202.jpeg,1280,720
Robert-Downey-Junior,565,199,240,239,Scarlett_Downey_video_203.jpeg,1280,720
Robert-Downey-Junior,568,203,241,228,Scarlett_Downey_video_204.jpeg,1280,720
Robert-Downey-Junior,579,199,219,239,Scarlett_Downey_video_205.jpeg,1280,720
Robert-Downey-Junior,582,194,228,230,Scarlett_Downey_video_206.jpeg,1280,720
Robert-Downey-Junior,592,197,202,226,Scarlett_Downey_video_207.jpeg,1280,720
Robert-Downey-Junior,590,201,199,234,Scarlett_Downey_video_208.jpeg,1280,720
Robert-Downey-Junior,581,193,214,240,Scarlett_Downey_video_209.jpeg,1280,720
Scarlett-Johansson,419,159,168,245,Scarlett_Downey_video_21.jpeg,1280,720
Robert-Downey-Junior,575,217,222,223,Scarlett_Downey_video_210.jpeg,1280,720
Robert-Downey-Junior,585,209,214,231,Scarlett_Downey_video_211.jpeg,1280,720
Robert-Downey-Junior,608,194,192,254,Scarlett_Downey_video_212.jpeg,1280,720
Robert-Downey-Junior,598,197,191,236,Scarlett_Downey_video_213.jpeg,1280,720
Robert-Downey-Junior,609,206,184,215,Scarlett_Downey_video_214.jpeg,1280,720
Robert-Downey-Junior,605,206,192,223,Scarlett_Downey_video_215.jpeg,1280,720
Robert-Downey-Junior,595,199,208,237,Scarlett_Downey_video_216.jpeg,1280,720
Robert-Downey-Junior,617,211,191,214,Scarlett_Downey_video_217.jpeg,1280,720
Robert-Downey-Junior,599,196,197,225,Scarlett_Downey_video_218.jpeg,1280,720
Robert-Downey-Junior,598,216,202,214,Scarlett_Downey_video_219.jpeg,1280,720
Scarlett-Johansson,415,150,184,268,Scarlett_Downey_video_22.jpeg,1280,720
Robert-Downey-Junior,589,205,224,223,Scarlett_Downey_video_220.jpeg,1280,720
Robert-Downey-Junior,591,195,228,224,Scarlett_Downey_video_221.jpeg,1280,720
Robert-Downey-Junior,595,179,211,242,Scarlett_Downey_video_222.jpeg,1280,720
Robert-Downey-Junior,607,178,207,243,Scarlett_Downey_video_223.jpeg,1280,720
Robert-Downey-Junior,590,170,218,237,Scarlett_Downey_video_224.jpeg,1280,720
Robert-Downey-Junior,609,182,208,223,Scarlett_Downey_video_225.jpeg,1280,720
Robert-Downey-Junior,601,166,216,244,Scarlett_Downey_video_226.jpeg,1280,720
Robert-Downey-Junior,604,166,220,224,Scarlett_Downey_video_227.jpeg,1280,720
Robert-Downey-Junior,611,163,204,242,Scarlett_Downey_video_228.jpeg,1280,720
Robert-Downey-Junior,610,158,204,231,Scarlett_Downey_video_229.jpeg,1280,720
Scarlett-Johansson,426,159,168,238,Scarlett_Downey_video_23.jpeg,1280,720
Robert-Downey-Junior,620,150,189,250,Scarlett_Downey_video_230.jpeg,1280,720
Robert-Downey-Junior,614,158,203,237,Scarlett_Downey_video_231.jpeg,1280,720
Robert-Downey-Junior,624,165,199,234,Scarlett_Downey_video_232.jpeg,1280,720
Robert-Downey-Junior,606,161,190,230,Scarlett_Downey_video_233.jpeg,1280,720
Robert-Downey-Junior,596,155,224,250,Scarlett_Downey_video_234.jpeg,1280,720
Robert-Downey-Junior,610,170,208,237,Scarlett_Downey_video_235.jpeg,1280,720
Robert-Downey-Junior,616,167,190,241,Scarlett_Downey_video_236.jpeg,1280,720
Robert-Downey-Junior,611,152,201,259,Scarlett_Downey_video_237.jpeg,1280,720
Robert-Downey-Junior,611,161,190,256,Scarlett_Downey_video_238.jpeg,1280,720
Robert-Downey-Junior,603,148,208,267,Scarlett_Downey_video_239.jpeg,1280,720
Scarlett-Johansson,414,154,183,251,Scarlett_Downey_video_24.jpeg,1280,720
Robert-Downey-Junior,604,166,198,250,Scarlett_Downey_video_240.jpeg,1280,720
Robert-Downey-Junior,614,166,190,251,Scarlett_Downey_video_241.jpeg,1280,720
Robert-Downey-Junior,605,150,184,251,Scarlett_Downey_video_242.jpeg,1280,720
Robert-Downey-Junior,617,165,175,246,Scarlett_Downey_video_243.jpeg,1280,720
Robert-Downey-Junior,584,144,205,252,Scarlett_Downey_video_244.jpeg,1280,720
Robert-Downey-Junior,604,153,212,252,Scarlett_Downey_video_245.jpeg,1280,720
Robert-Downey-Junior,590,175,201,236,Scarlett_Downey_video_246.jpeg,1280,720
Robert-Downey-Junior,590,166,207,250,Scarlett_Downey_video_247.jpeg,1280,720
Robert-Downey-Junior,598,175,204,241,Scarlett_Downey_video_248.jpeg,1280,720
Robert-Downey-Junior,598,169,220,242,Scarlett_Downey_video_249.jpeg,1280,720
Scarlett-Johansson,396,139,202,267,Scarlett_Downey_video_25.jpeg,1280,720
Robert-Downey-Junior,594,173,192,229,Scarlett_Downey_video_250.jpeg,1280,720
Robert-Downey-Junior,596,152,190,260,Scarlett_Downey_video_251.jpeg,1280,720
Robert-Downey-Junior,602,151,191,264,Scarlett_Downey_video_252.jpeg,1280,720
Robert-Downey-Junior,603,151,197,263,Scarlett_Downey_video_253.jpeg,1280,720
Robert-Downey-Junior,595,156,201,255,Scarlett_Downey_video_254.jpeg,1280,720
Robert-Downey-Junior,603,176,194,220,Scarlett_Downey_video_255.jpeg,1280,720
Robert-Downey-Junior,594,163,205,232,Scarlett_Downey_video_256.jpeg,1280,720
Robert-Downey-Junior,603,172,202,241,Scarlett_Downey_video_257.jpeg,1280,720
Robert-Downey-Junior,607,181,192,213,Scarlett_Downey_video_258.jpeg,1280,720
Robert-Downey-Junior,615,179,184,224,Scarlett_Downey_video_259.jpeg,1280,720
Scarlett-Johansson,402,162,179,240,Scarlett_Downey_video_26.jpeg,1280,720
Robert-Downey-Junior,596,174,207,217,Scarlett_Downey_video_260.jpeg,1280,720
Robert-Downey-Junior,605,181,187,224,Scarlett_Downey_video_261.jpeg,1280,720
Robert-Downey-Junior,596,182,194,221,Scarlett_Downey_video_262.jpeg,1280,720
Scarlett-Johansson,423,226,199,246,Scarlett_Downey_video_263.jpeg,1280,720
Scarlett-Johansson,432,223,193,260,Scarlett_Downey_video_264.jpeg,1280,720
Scarlett-Johansson,426,210,215,267,Scarlett_Downey_video_265.jpeg,1280,720
Scarlett-Johansson,429,204,208,274,Scarlett_Downey_video_266.jpeg,1280,720
Scarlett-Johansson,415,195,220,277,Scarlett_Downey_video_267.jpeg,1280,720
Scarlett-Johansson,432,218,219,281,Scarlett_Downey_video_268.jpeg,1280,720
Scarlett-Johansson,411,185,229,291,Scarlett_Downey_video_269.jpeg,1280,720
Scarlett-Johansson,398,161,190,241,Scarlett_Downey_video_27.jpeg,1280,720
Scarlett-Johansson,428,210,211,263,Scarlett_Downey_video_270.jpeg,1280,720
Scarlett-Johansson,424,194,223,283,Scarlett_Downey_video_271.jpeg,1280,720
Scarlett-Johansson,427,202,222,274,Scarlett_Downey_video_272.jpeg,1280,720
Scarlett-Johansson,419,180,231,288,Scarlett_Downey_video_273.jpeg,1280,720
Scarlett-Johansson,422,182,222,302,Scarlett_Downey_video_274.jpeg,1280,720
Scarlett-Johansson,416,201,238,269,Scarlett_Downey_video_275.jpeg,1280,720
Scarlett-Johansson,421,201,208,270,Scarlett_Downey_video_276.jpeg,1280,720
Scarlett-Johansson,411,183,217,299,Scarlett_Downey_video_277.jpeg,1280,720
Scarlett-Johansson,406,208,224,267,Scarlett_Downey_video_278.jpeg,1280,720
Scarlett-Johansson,407,196,223,292,Scarlett_Downey_video_279.jpeg,1280,720
Scarlett-Johansson,406,167,184,243,Scarlett_Downey_video_28.jpeg,1280,720
Scarlett-Johansson,422,182,205,300,Scarlett_Downey_video_280.jpeg,1280,720
Scarlett-Johansson,417,182,211,304,Scarlett_Downey_video_281.jpeg,1280,720
Scarlett-Johansson,424,203,201,277,Scarlett_Downey_video_282.jpeg,1280,720
Scarlett-Johansson,427,208,197,281,Scarlett_Downey_video_283.jpeg,1280,720
Scarlett-Johansson,429,219,199,269,Scarlett_Downey_video_284.jpeg,1280,720
Scarlett-Johansson,426,229,202,262,Scarlett_Downey_video_285.jpeg,1280,720
Scarlett-Johansson,429,194,194,295,Scarlett_Downey_video_286.jpeg,1280,720
Scarlett-Johansson,429,192,195,284,Scarlett_Downey_video_287.jpeg,1280,720
Scarlett-Johansson,402,173,220,305,Scarlett_Downey_video_288.jpeg,1280,720
Scarlett-Johansson,410,171,216,312,Scarlett_Downey_video_289.jpeg,1280,720
Scarlett-Johansson,409,149,168,261,Scarlett_Downey_video_29.jpeg,1280,720
Scarlett-Johansson,423,176,199,297,Scarlett_Downey_video_290.jpeg,1280,720
Scarlett-Johansson,420,203,207,273,Scarlett_Downey_video_291.jpeg,1280,720
Scarlett-Johansson,416,199,204,281,Scarlett_Downey_video_292.jpeg,1280,720
Scarlett-Johansson,417,205,198,270,Scarlett_Downey_video_293.jpeg,1280,720
Scarlett-Johansson,405,177,226,312,Scarlett_Downey_video_294.jpeg,1280,720
Scarlett-Johansson,416,196,208,287,Scarlett_Downey_video_295.jpeg,1280,720
Scarlett-Johansson,393,173,226,313,Scarlett_Downey_video_296.jpeg,1280,720
Scarlett-Johansson,400,178,218,300,Scarlett_Downey_video_297.jpeg,1280,720
Scarlett-Johansson,391,202,230,271,Scarlett_Downey_video_298.jpeg,1280,720
Scarlett-Johansson,396,184,230,292,Scarlett_Downey_video_299.jpeg,1280,720
Scarlett-Johansson,432,152,177,242,Scarlett_Downey_video_3.jpeg,1280,720
Scarlett-Johansson,393,146,182,254,Scarlett_Downey_video_30.jpeg,1280,720
Scarlett-Johansson,403,196,209,278,Scarlett_Downey_video_300.jpeg,1280,720
Scarlett-Johansson,394,197,238,281,Scarlett_Downey_video_301.jpeg,1280,720
Scarlett-Johansson,401,186,242,306,Scarlett_Downey_video_302.jpeg,1280,720
Scarlett-Johansson,402,184,215,289,Scarlett_Downey_video_303.jpeg,1280,720
Scarlett-Johansson,410,193,209,273,Scarlett_Downey_video_304.jpeg,1280,720
Scarlett-Johansson,401,180,239,293,Scarlett_Downey_video_305.jpeg,1280,720
Scarlett-Johansson,389,191,252,291,Scarlett_Downey_video_306.jpeg,1280,720
Scarlett-Johansson,381,206,244,281,Scarlett_Downey_video_307.jpeg,1280,720
Scarlett-Johansson,381,197,254,285,Scarlett_Downey_video_308.jpeg,1280,720
Scarlett-Johansson,393,205,243,272,Scarlett_Downey_video_309.jpeg,1280,720
Scarlett-Johansson,399,159,204,257,Scarlett_Downey_video_31.jpeg,1280,720
Scarlett-Johansson,399,192,231,291,Scarlett_Downey_video_310.jpeg,1280,720
Scarlett-Johansson,384,198,240,285,Scarlett_Downey_video_311.jpeg,1280,720
Scarlett-Johansson,377,191,240,287,Scarlett_Downey_video_312.jpeg,1280,720
Scarlett-Johansson,396,205,221,278,Scarlett_Downey_video_313.jpeg,1280,720
Scarlett-Johansson,407,214,213,269,Scarlett_Downey_video_314.jpeg,1280,720
Scarlett-Johansson,396,196,217,284,Scarlett_Downey_video_315.jpeg,1280,720
Scarlett-Johansson,392,205,221,269,Scarlett_Downey_video_316.jpeg,1280,720
Scarlett-Johansson,401,212,214,268,Scarlett_Downey_video_317.jpeg,1280,720
Scarlett-Johansson,385,201,226,277,Scarlett_Downey_video_318.jpeg,1280,720
Scarlett-Johansson,397,201,233,277,Scarlett_Downey_video_319.jpeg,1280,720
Scarlett-Johansson,396,145,181,263,Scarlett_Downey_video_32.jpeg,1280,720
Scarlett-Johansson,408,195,206,289,Scarlett_Downey_video_320.jpeg,1280,720
Scarlett-Johansson,396,192,219,289,Scarlett_Downey_video_321.jpeg,1280,720
Scarlett-Johansson,394,198,226,290,Scarlett_Downey_video_322.jpeg,1280,720
Scarlett-Johansson,393,214,221,263,Scarlett_Downey_video_323.jpeg,1280,720
Scarlett-Johansson,405,195,210,281,Scarlett_Downey_video_324.jpeg,1280,720
Scarlett-Johansson,403,218,222,268,Scarlett_Downey_video_325.jpeg,1280,720
Scarlett-Johansson,400,225,237,259,Scarlett_Downey_video_326.jpeg,1280,720
Scarlett-Johansson,406,185,208,290,Scarlett_Downey_video_327.jpeg,1280,720
Scarlett-Johansson,412,179,203,292,Scarlett_Downey_video_328.jpeg,1280,720
Scarlett-Johansson,408,183,199,288,Scarlett_Downey_video_329.jpeg,1280,720
Scarlett-Johansson,415,165,160,240,Scarlett_Downey_video_33.jpeg,1280,720
Scarlett-Johansson,415,216,201,262,Scarlett_Downey_video_330.jpeg,1280,720
Scarlett-Johansson,405,191,210,299,Scarlett_Downey_video_331.jpeg,1280,720
Scarlett-Johansson,396,172,219,316,Scarlett_Downey_video_332.jpeg,1280,720
Scarlett-Johansson,402,168,215,319,Scarlett_Downey_video_333.jpeg,1280,720
Scarlett-Johansson,400,173,216,312,Scarlett_Downey_video_334.jpeg,1280,720
Scarlett-Johansson,399,191,221,295,Scarlett_Downey_video_335.jpeg,1280,720
Scarlett-Johansson,417,170,196,287,Scarlett_Downey_video_336.jpeg,1280,720
Scarlett-Johansson,416,186,203,300,Scarlett_Downey_video_337.jpeg,1280,720
Scarlett-Johansson,398,191,224,285,Scarlett_Downey_video_338.jpeg,1280,720
Scarlett-Johansson,393,186,225,286,Scarlett_Downey_video_339.jpeg,1280,720
Scarlett-Johansson,405,178,171,236,Scarlett_Downey_video_34.jpeg,1280,720
Scarlett-Johansson,390,191,222,278,Scarlett_Downey_video_340.jpeg,1280,720
Scarlett-Johansson,383,176,240,305,Scarlett_Downey_video_341.jpeg,1280,720
Scarlett-Johansson,400,204,216,266,Scarlett_Downey_video_342.jpeg,1280,720
Scarlett-Johansson,402,182,217,294,Scarlett_Downey_video_343.jpeg,1280,720
Scarlett-Johansson,394,174,226,289,Scarlett_Downey_video_344.jpeg,1280,720
Scarlett-Johansson,395,184,224,287,Scarlett_Downey_video_345.jpeg,1280,720
Scarlett-Johansson,400,191,219,275,Scarlett_Downey_video_346.jpeg,1280,720
Scarlett-Johansson,405,188,220,281,Scarlett_Downey_video_347.jpeg,1280,720
Scarlett-Johansson,392,177,226,287,Scarlett_Downey_video_348.jpeg,1280,720
Scarlett-Johansson,418,192,197,289,Scarlett_Downey_video_349.jpeg,1280,720
Scarlett-Johansson,405,148,169,255,Scarlett_Downey_video_35.jpeg,1280,720
Scarlett-Johansson,405,178,209,289,Scarlett_Downey_video_350.jpeg,1280,720
Scarlett-Johansson,412,205,202,262,Scarlett_Downey_video_351.jpeg,1280,720
Scarlett-Johansson,395,164,218,310,Scarlett_Downey_video_352.jpeg,1280,720
Scarlett-Johansson,391,192,222,265,Scarlett_Downey_video_353.jpeg,1280,720
Scarlett-Johansson,390,203,230,264,Scarlett_Downey_video_354.jpeg,1280,720
Scarlett-Johansson,400,198,218,271,Scarlett_Downey_video_355.jpeg,1280,720
Scarlett-Johansson,396,203,216,271,Scarlett_Downey_video_356.jpeg,1280,720
Scarlett-Johansson,381,203,232,295,Scarlett_Downey_video_357.jpeg,1280,720
Scarlett-Johansson,394,188,218,283,Scarlett_Downey_video_358.jpeg,1280,720
Scarlett-Johansson,357,161,264,310,Scarlett_Downey_video_359.jpeg,1280,720
Scarlett-Johansson,406,165,166,237,Scarlett_Downey_video_36.jpeg,1280,720
Scarlett-Johansson,390,204,224,275,Scarlett_Downey_video_360.jpeg,1280,720
Scarlett-Johansson,408,173,201,302,Scarlett_Downey_video_361.jpeg,1280,720
Robert-Downey-Junior,585,189,217,230,Scarlett_Downey_video_362.jpeg,1280,720
Robert-Downey-Junior,726,249,1,0,Scarlett_Downey_video_362.jpeg,1280,720
Robert-Downey-Junior,570,186,232,230,Scarlett_Downey_video_363.jpeg,1280,720
Robert-Downey-Junior,577,164,237,262,Scarlett_Downey_video_364.jpeg,1280,720
Robert-Downey-Junior,576,176,224,234,Scarlett_Downey_video_365.jpeg,1280,720
Robert-Downey-Junior,564,177,243,241,Scarlett_Downey_video_366.jpeg,1280,720
Robert-Downey-Junior,594,188,211,228,Scarlett_Downey_video_367.jpeg,1280,720
Robert-Downey-Junior,572,180,217,231,Scarlett_Downey_video_368.jpeg,1280,720
Robert-Downey-Junior,598,149,194,265,Scarlett_Downey_video_369.jpeg,1280,720
Scarlett-Johansson,416,146,162,254,Scarlett_Downey_video_37.jpeg,1280,720
Scarlett-Johansson,544,245,1,0,Scarlett_Downey_video_37.jpeg,1280,720
Robert-Downey-Junior,575,180,202,234,Scarlett_Downey_video_370.jpeg,1280,720
Robert-Downey-Junior,591,180,190,238,Scarlett_Downey_video_371.jpeg,1280,720
Robert-Downey-Junior,598,185,174,228,Scarlett_Downey_video_372.jpeg,1280,720
Robert-Downey-Junior,588,174,205,245,Scarlett_Downey_video_373.jpeg,1280,720
Robert-Downey-Junior,588,173,202,238,Scarlett_Downey_video_374.jpeg,1280,720
Robert-Downey-Junior,607,183,199,241,Scarlett_Downey_video_375.jpeg,1280,720
Robert-Downey-Junior,592,186,201,237,Scarlett_Downey_video_376.jpeg,1280,720
Robert-Downey-Junior,583,181,206,246,Scarlett_Downey_video_377.jpeg,1280,720
Robert-Downey-Junior,599,184,180,231,Scarlett_Downey_video_378.jpeg,1280,720
Robert-Downey-Junior,594,181,206,237,Scarlett_Downey_video_379.jpeg,1280,720
Scarlett-Johansson,389,152,202,264,Scarlett_Downey_video_38.jpeg,1280,720
Robert-Downey-Junior,586,167,195,252,Scarlett_Downey_video_380.jpeg,1280,720
Robert-Downey-Junior,597,183,202,233,Scarlett_Downey_video_381.jpeg,1280,720
Robert-Downey-Junior,587,155,201,256,Scarlett_Downey_video_382.jpeg,1280,720
Robert-Downey-Junior,564,139,219,278,Scarlett_Downey_video_383.jpeg,1280,720
Robert-Downey-Junior,615,178,175,248,Scarlett_Downey_video_384.jpeg,1280,720
Robert-Downey-Junior,608,171,191,264,Scarlett_Downey_video_385.jpeg,1280,720
Robert-Downey-Junior,594,181,195,233,Scarlett_Downey_video_386.jpeg,1280,720
Robert-Downey-Junior,581,183,224,233,Scarlett_Downey_video_387.jpeg,1280,720
Robert-Downey-Junior,585,158,222,242,Scarlett_Downey_video_388.jpeg,1280,720
Robert-Downey-Junior,583,179,221,247,Scarlett_Downey_video_389.jpeg,1280,720
Scarlett-Johansson,394,163,177,254,Scarlett_Downey_video_39.jpeg,1280,720
Robert-Downey-Junior,597,168,196,252,Scarlett_Downey_video_390.jpeg,1280,720
Robert-Downey-Junior,598,183,192,234,Scarlett_Downey_video_391.jpeg,1280,720
Robert-Downey-Junior,587,165,187,237,Scarlett_Downey_video_392.jpeg,1280,720
Robert-Downey-Junior,611,170,163,251,Scarlett_Downey_video_393.jpeg,1280,720
Robert-Downey-Junior,589,162,179,244,Scarlett_Downey_video_394.jpeg,1280,720
Robert-Downey-Junior,567,168,212,250,Scarlett_Downey_video_395.jpeg,1280,720
Robert-Downey-Junior,599,165,202,256,Scarlett_Downey_video_396.jpeg,1280,720
Robert-Downey-Junior,606,158,169,240,Scarlett_Downey_video_397.jpeg,1280,720
Robert-Downey-Junior,586,166,210,261,Scarlett_Downey_video_398.jpeg,1280,720
Robert-Downey-Junior,601,165,182,245,Scarlett_Downey_video_399.jpeg,1280,720
Scarlett-Johansson,438,150,160,264,Scarlett_Downey_video_4.jpeg,1280,720
Scarlett-Johansson,389,128,199,285,Scarlett_Downey_video_40.jpeg,1280,720
Robert-Downey-Junior,575,154,222,263,Scarlett_Downey_video_400.jpeg,1280,720
Robert-Downey-Junior,591,145,191,264,Scarlett_Downey_video_401.jpeg,1280,720
Robert-Downey-Junior,578,145,204,282,Scarlett_Downey_video_402.jpeg,1280,720
Robert-Downey-Junior,586,166,218,263,Scarlett_Downey_video_403.jpeg,1280,720
Robert-Downey-Junior,592,179,206,257,Scarlett_Downey_video_404.jpeg,1280,720
Robert-Downey-Junior,590,163,205,248,Scarlett_Downey_video_405.jpeg,1280,720
Robert-Downey-Junior,598,166,175,255,Scarlett_Downey_video_406.jpeg,1280,720
Robert-Downey-Junior,596,161,184,252,Scarlett_Downey_video_407.jpeg,1280,720
Robert-Downey-Junior,609,164,186,270,Scarlett_Downey_video_408.jpeg,1280,720
Robert-Downey-Junior,598,172,189,224,Scarlett_Downey_video_409.jpeg,1280,720
Scarlett-Johansson,402,161,187,265,Scarlett_Downey_video_41.jpeg,1280,720
Robert-Downey-Junior,596,154,191,258,Scarlett_Downey_video_410.jpeg,1280,720
Robert-Downey-Junior,597,161,206,262,Scarlett_Downey_video_411.jpeg,1280,720
Robert-Downey-Junior,605,150,178,284,Scarlett_Downey_video_412.jpeg,1280,720
Robert-Downey-Junior,599,161,198,282,Scarlett_Downey_video_413.jpeg,1280,720
Robert-Downey-Junior,580,150,224,255,Scarlett_Downey_video_414.jpeg,1280,720
Robert-Downey-Junior,579,162,215,243,Scarlett_Downey_video_415.jpeg,1280,720
Robert-Downey-Junior,601,169,197,229,Scarlett_Downey_video_416.jpeg,1280,720
Robert-Downey-Junior,609,163,182,249,Scarlett_Downey_video_417.jpeg,1280,720
Robert-Downey-Junior,606,157,192,247,Scarlett_Downey_video_418.jpeg,1280,720
Robert-Downey-Junior,591,161,212,240,Scarlett_Downey_video_419.jpeg,1280,720
Scarlett-Johansson,412,148,175,268,Scarlett_Downey_video_42.jpeg,1280,720
Robert-Downey-Junior,589,186,207,232,Scarlett_Downey_video_420.jpeg,1280,720
Robert-Downey-Junior,605,179,188,242,Scarlett_Downey_video_421.jpeg,1280,720
Robert-Downey-Junior,605,154,179,256,Scarlett_Downey_video_422.jpeg,1280,720
Robert-Downey-Junior,596,179,197,240,Scarlett_Downey_video_423.jpeg,1280,720
Scarlett-Johansson,399,143,189,293,Scarlett_Downey_video_43.jpeg,1280,720
Scarlett-Johansson,405,172,185,259,Scarlett_Downey_video_44.jpeg,1280,720
Scarlett-Johansson,402,152,156,274,Scarlett_Downey_video_45.jpeg,1280,720
Scarlett-Johansson,373,138,205,278,Scarlett_Downey_video_46.jpeg,1280,720
Scarlett-Johansson,386,139,206,291,Scarlett_Downey_video_47.jpeg,1280,720
Scarlett-Johansson,383,170,186,246,Scarlett_Downey_video_48.jpeg,1280,720
Scarlett-Johansson,366,163,205,270,Scarlett_Downey_video_49.jpeg,1280,720
Scarlett-Johansson,409,159,196,259,Scarlett_Downey_video_5.jpeg,1280,720
Scarlett-Johansson,397,164,182,260,Scarlett_Downey_video_50.jpeg,1280,720
Scarlett-Johansson,374,144,191,291,Scarlett_Downey_video_51.jpeg,1280,720
Scarlett-Johansson,409,180,169,242,Scarlett_Downey_video_52.jpeg,1280,720
Scarlett-Johansson,398,139,178,275,Scarlett_Downey_video_53.jpeg,1280,720
Scarlett-Johansson,391,143,193,290,Scarlett_Downey_video_54.jpeg,1280,720
Scarlett-Johansson,396,149,183,282,Scarlett_Downey_video_55.jpeg,1280,720
Scarlett-Johansson,392,148,168,273,Scarlett_Downey_video_56.jpeg,1280,720
Scarlett-Johansson,399,189,171,251,Scarlett_Downey_video_57.jpeg,1280,720
Scarlett-Johansson,398,164,162,242,Scarlett_Downey_video_58.jpeg,1280,720
Scarlett-Johansson,391,166,184,268,Scarlett_Downey_video_59.jpeg,1280,720
Scarlett-Johansson,389,162,206,242,Scarlett_Downey_video_6.jpeg,1280,720
Scarlett-Johansson,391,153,182,270,Scarlett_Downey_video_60.jpeg,1280,720
Scarlett-Johansson,378,165,183,260,Scarlett_Downey_video_61.jpeg,1280,720
Scarlett-Johansson,391,169,172,275,Scarlett_Downey_video_62.jpeg,1280,720
Scarlett-Johansson,410,173,163,277,Scarlett_Downey_video_63.jpeg,1280,720
Scarlett-Johansson,407,185,170,234,Scarlett_Downey_video_64.jpeg,1280,720
Scarlett-Johansson,383,186,183,245,Scarlett_Downey_video_65.jpeg,1280,720
Scarlett-Johansson,398,180,185,277,Scarlett_Downey_video_66.jpeg,1280,720
Scarlett-Johansson,396,159,182,279,Scarlett_Downey_video_67.jpeg,1280,720
Scarlett-Johansson,399,170,162,263,Scarlett_Downey_video_68.jpeg,1280,720
Scarlett-Johansson,396,176,172,264,Scarlett_Downey_video_69.jpeg,1280,720
Scarlett-Johansson,405,174,170,238,Scarlett_Downey_video_7.jpeg,1280,720
Scarlett-Johansson,393,168,165,261,Scarlett_Downey_video_70.jpeg,1280,720
Scarlett-Johansson,376,180,186,247,Scarlett_Downey_video_71.jpeg,1280,720
Scarlett-Johansson,407,179,158,265,Scarlett_Downey_video_72.jpeg,1280,720
Scarlett-Johansson,396,202,162,230,Scarlett_Downey_video_73.jpeg,1280,720
Scarlett-Johansson,405,175,178,258,Scarlett_Downey_video_74.jpeg,1280,720
Scarlett-Johansson,396,192,177,242,Scarlett_Downey_video_75.jpeg,1280,720
Scarlett-Johansson,410,165,154,279,Scarlett_Downey_video_76.jpeg,1280,720
Scarlett-Johansson,410,166,164,272,Scarlett_Downey_video_77.jpeg,1280,720
Scarlett-Johansson,411,165,174,285,Scarlett_Downey_video_78.jpeg,1280,720
Scarlett-Johansson,400,148,168,289,Scarlett_Downey_video_79.jpeg,1280,720
Scarlett-Johansson,423,145,149,269,Scarlett_Downey_video_8.jpeg,1280,720
Scarlett-Johansson,415,153,152,281,Scarlett_Downey_video_80.jpeg,1280,720
Robert-Downey-Junior,621,177,202,233,Scarlett_Downey_video_81.jpeg,1280,720
Robert-Downey-Junior,649,178,174,240,Scarlett_Downey_video_82.jpeg,1280,720
Robert-Downey-Junior,647,159,183,256,Scarlett_Downey_video_83.jpeg,1280,720
Robert-Downey-Junior,644,169,174,233,Scarlett_Downey_video_84.jpeg,1280,720
Robert-Downey-Junior,636,167,191,254,Scarlett_Downey_video_85.jpeg,1280,720
Robert-Downey-Junior,649,182,183,223,Scarlett_Downey_video_86.jpeg,1280,720
Robert-Downey-Junior,641,178,185,218,Scarlett_Downey_video_87.jpeg,1280,720
Robert-Downey-Junior,650,169,174,246,Scarlett_Downey_video_88.jpeg,1280,720
Robert-Downey-Junior,650,185,176,234,Scarlett_Downey_video_89.jpeg,1280,720
Scarlett-Johansson,400,154,183,234,Scarlett_Downey_video_9.jpeg,1280,720
Robert-Downey-Junior,638,190,178,221,Scarlett_Downey_video_90.jpeg,1280,720
Robert-Downey-Junior,645,176,180,233,Scarlett_Downey_video_91.jpeg,1280,720
Robert-Downey-Junior,654,175,179,239,Scarlett_Downey_video_92.jpeg,1280,720
Robert-Downey-Junior,658,144,170,267,Scarlett_Downey_video_93.jpeg,1280,720
Robert-Downey-Junior,643,163,177,245,Scarlett_Downey_video_94.jpeg,1280,720
Robert-Downey-Junior,661,164,176,247,Scarlett_Downey_video_95.jpeg,1280,720
Robert-Downey-Junior,647,173,181,238,Scarlett_Downey_video_96.jpeg,1280,720
Robert-Downey-Junior,650,174,181,249,Scarlett_Downey_video_97.jpeg,1280,720
Robert-Downey-Junior,659,176,166,238,Scarlett_Downey_video_98.jpeg,1280,720
Robert-Downey-Junior,647,181,177,236,Scarlett_Downey_video_99.jpeg,1280,720